"date","music","love","party","location","book"
"2016-09-13",3515130.16305729,4850933.29839228,3123910.45554483,"berlin","no_book"
"2016-09-14",3197264.88813632,4681434.32549178,2966860.1992596,"berlin","no_book"
"2016-09-15",3431369.61954404,4448956.15118589,3673687.6593838,"berlin","no_book"
"2016-09-16",4369136.13018591,4214170.67180654,3828332.14796469,"berlin","no_book"
"2016-09-17",5077132.28599058,5935513.40053716,5470322.7505412,"berlin","no_book"
"2016-09-18",3112263.11387769,6006938.10720249,3121537.82858749,"berlin","no_book"
"2016-09-19",3123458.24892329,4448222.53286394,2729815.45816517,"berlin","no_book"
"2016-09-20",2733469.54456165,4836546.26151037,2575942.40681,"berlin","no_book"
"2016-09-21",3436774.65169642,4293717.35004764,3275315.80485875,"berlin","no_book"
"2016-09-22",4052712.00203803,4923648.88354571,3283545.05750455,"berlin","no_book"
"2016-09-23",3910002.83201256,4917177.87659019,4683318.9264284,"berlin","no_book"
"2016-09-24",4298299.03851929,6244873.30292907,5546559.49279759,"berlin","no_book"
"2016-09-25",3275915.82232255,6173628.72271829,3586848.34600059,"berlin","no_book"
"2016-09-26",3440540.79645927,5305374.43250351,3437036.27271706,"berlin","no_book"
"2016-09-27",3355053.8672207,4369363.55274456,3121917.3280546,"berlin","no_book"
"2016-09-28",3122016.29779086,4605210.24416084,2728525.89961792,"berlin","no_book"
"2016-09-29",3665614.14856896,5147940.04876587,3581362.06176197,"berlin","no_book"
"2016-09-30",4292693.76081025,6009992.35085987,3982547.23600869,"berlin","no_book"
"2016-10-01",4139132.2398345,6322484.94075915,4765356.46022572,"berlin","no_book"
"2016-10-02",4287673.24919472,6940519.39983092,5151588.31458885,"berlin","no_book"
"2016-10-03",4063038.11154554,5461728.66035154,3668465.41406313,"berlin","no_book"
"2016-10-04",3751755.41595935,4921009.10817487,3122123.85537031,"berlin","no_book"
"2016-10-05",3439676.29492411,5929690.82132086,3509558.32225926,"berlin","no_book"
"2016-10-06",3347540.68275759,4925218.87702976,4056338.80677761,"berlin","no_book"
"2016-10-07",4611221.79838796,5779779.64308143,4057448.5884004,"berlin","no_book"
"2016-10-08",4763015.25494464,6323077.77970348,5309934.77145188,"berlin","no_book"
"2016-10-09",3978732.47823605,5627244.47307303,4843412.2935242,"berlin","no_book"
"2016-10-10",3671025.38170921,4373227.01573066,3045590.76566006,"berlin","no_book"
"2016-10-11",3667470.53618232,4294469.85040457,4216954.77655539,"berlin","no_book"
"2016-10-12",3981437.09841656,4216275.52781579,3822757.46358769,"berlin","no_book"
"2016-10-13",3905450.16305729,4538677.29839228,3358102.45554483,"berlin","no_book"
"2016-10-14",3821776.88813632,4525306.32549178,3513308.1992596,"berlin","no_book"
"2016-10-15",4290073.61954404,5307660.15118589,6171735.6593838,"berlin","no_book"
"2016-10-16",3666560.13018591,5463194.67180654,3984460.14796469,"berlin","no_book"
"2016-10-17",2969404.28599058,3827785.40053716,4143234.7505412,"berlin","no_book"
"2016-10-18",3346455.11387769,5226298.10720249,3902177.82858749,"berlin","no_book"
"2016-10-19",3513778.24892329,4604350.53286394,3822711.45816517,"berlin","no_book"
"2016-10-20",3904429.54456165,4446226.26151037,3668838.40681,"berlin","no_book"
"2016-10-21",4529670.65169642,4996293.35004764,6085619.80485875,"berlin","no_book"
"2016-10-22",4208840.00203803,5860416.88354571,6484169.05750455,"berlin","no_book"
"2016-10-23",5159026.83201256,4448793.87659019,4995574.9264284,"berlin","no_book"
"2016-10-24",3283467.03851929,5073913.30292907,4297535.49279759,"berlin","no_book"
"2016-10-25",3119787.82232255,4300092.72271829,4367488.34600059,"berlin","no_book"
"2016-10-26",3830860.79645927,5305374.43250351,4373804.27271706,"berlin","no_book"
"2016-10-27",3667309.8672207,5150003.55274456,4214813.3280546,"berlin","no_book"
"2016-10-28",4058784.29779086,5932298.24416084,5929149.89961792,"berlin","no_book"
"2016-10-29",3431422.14856896,5382132.04876587,7796818.06176197,"berlin","no_book"
"2016-10-30",4604949.76081025,4995160.35085987,5856083.23600869,"berlin","no_book"
"2016-10-31",4217196.2398345,4136692.94075915,5389868.46022572,"berlin","no_book"
"2016-11-01",4131545.24919472,3661831.39983092,3902564.31458885,"berlin","no_book"
"2016-11-02",3672718.11154554,4915280.66035154,3512337.41406313,"berlin","no_book"
"2016-11-03",3439499.41595935,4452625.10817487,3278251.85537031,"berlin","no_book"
"2016-11-04",4064188.29492411,4134218.82132086,4290198.32225926,"berlin","no_book"
"2016-11-05",4752692.68275759,5705858.87702976,5929874.80677761,"berlin","no_book"
"2016-11-06",3518325.79838796,5857843.64308143,3901320.5884004,"berlin","no_book"
"2016-11-07",3357863.25494464,4761797.77970348,3202206.77145188,"berlin","no_book"
"2016-11-08",3900668.47823605,4065964.47307303,3126004.2935242,"berlin","no_book"
"2016-11-09",3202641.38170921,3826779.01573066,2889462.76566006,"berlin","no_book"
"2016-11-10",3511342.53618232,4450597.85040457,3124058.77655539,"berlin","no_book"
"2016-11-11",3825309.09841656,5621427.52781579,3822757.46358769,"berlin","no_book"
"2016-11-12",4139642.16305729,5631573.29839228,4763254.45554483,"berlin","no_book"
"2016-11-13",4602416.88813632,5149818.32549178,3903628.1992596,"berlin","no_book"
"2016-11-14",4524265.61954404,4995404.15118589,3049175.6593838,"berlin","no_book"
"2016-11-15",4213008.13018591,4292234.67180654,3359948.14796469,"berlin","no_book"
"2016-11-16",3750044.28599058,4296169.40053716,3284530.7505412,"berlin","no_book"
"2016-11-17",3268391.11387769,4679850.10720249,3277665.82858749,"berlin","no_book"
"2016-11-18",3904098.24892329,4916606.53286394,4213031.45816517,"berlin","no_book"
"2016-11-19",4607005.54456165,6007506.26151037,4995926.40681,"berlin","no_book"
"2016-11-20",3905158.65169642,4996293.35004764,3353379.80485875,"berlin","no_book"
"2016-11-21",5067544.00203803,4533328.88354571,2737097.05750455,"berlin","no_book"
"2016-11-22",3831938.83201256,4448793.87659019,2887846.9264284,"berlin","no_book"
"2016-11-23",3517659.03851929,4137145.30292907,2814319.49279759,"berlin","no_book"
"2016-11-24",3666235.82232255,4456220.72271829,3040400.34600059,"berlin","no_book"
"2016-11-25",4221180.79645927,4915054.43250351,3671228.27271706,"berlin","no_book"
"2016-11-26",4447949.8672207,4915811.55274456,4917389.3280546,"berlin","no_book"
"2016-11-27",4136848.29779086,4292954.24416084,3353037.89961792,"berlin","no_book"
"2016-11-28",2963038.14856896,4523428.04876587,3503298.06176197,"berlin","no_book"
"2016-11-29",2965605.76081025,4526776.35085987,2577395.23600869,"berlin","no_book"
"2016-11-30",3280428.2398345,4683140.94075915,3047948.46022572,"berlin","no_book"
"2016-12-01",3038649.24919472,4988919.39983092,2809668.31458885,"berlin","no_book"
"2016-12-02",3984974.11154554,4759152.66035154,3590401.41406313,"berlin","no_book"
"2016-12-03",4454331.41595935,4921009.10817487,4215019.85537031,"berlin","no_book"
"2016-12-04",4688700.29492411,5227114.82132086,3977942.32225926,"berlin","no_book"
"2016-12-05",3503668.68275759,4300706.87702976,2416994.80677761,"berlin","no_book"
"2016-12-06",3128005.79838796,4374627.64308143,3120680.5884004,"berlin","no_book"
"2016-12-07",3201735.25494464,4605669.77970348,2265438.77145188,"berlin","no_book"
"2016-12-08",3198092.47823605,5080796.47307303,3126004.2935242,"berlin","no_book"
"2016-12-09",4217473.38170921,4997739.01573066,3670102.76566006,"berlin","no_book"
"2016-12-10",4291982.53618232,5387365.85040457,5465978.77655539,"berlin","no_book"
"2016-12-11",4059501.09841656,6480131.52781579,3588565.46358769,"berlin","no_book"
"2016-09-13",1251274.16305729,1962565.29839228,391670.45554483,"france","no_book"
"2016-09-14",1479856.88813632,2027258.32549178,390748.199259605,"france","no_book"
"2016-09-15",1401705.61954404,2185100.15118589,394999.659383802,"france","no_book"
"2016-09-16",1636896.13018591,2028378.67180654,471580.147964692,"france","no_book"
"2016-09-17",2110700.28599058,2656825.40053716,552290.7505412,"france","no_book"
"2016-09-18",1629047.11387769,2650186.10720249,623489.82858749,"france","no_book"
"2016-09-19",1406050.24892329,1872110.53286394,465959.458165168,"france","no_book"
"2016-09-20",1406381.54456165,1870114.26151037,390150.406810004,"france","no_book"
"2016-09-21",1407110.65169642,2107925.35004764,465011.804858745,"france","no_book"
"2016-09-22",1398536.00203803,1957216.88354571,395177.057504554,"france","no_book"
"2016-09-23",1490018.83201256,2184937.87659019,467862.926428402,"france","no_book"
"2016-09-24",1956379.03851929,2731993.30292907,550463.492797588,"france","no_book"
"2016-09-25",1714635.82232255,2582684.72271829,542352.346000586,"france","no_book"
"2016-09-26",1567004.79645927,1870558.43250351,470604.272717056,"france","no_book"
"2016-09-27",1403453.8672207,1871315.55274456,389677.328054601,"france","no_book"
"2016-09-28",1560736.29779086,1951034.24416084,386605.899617923,"france","no_book"
"2016-09-29",1479822.14856896,1869252.04876587,458802.061761968,"france","no_book"
"2016-09-30",1638517.76081025,2028728.35085987,469667.236008692,"france","no_book"
"2016-10-01",2109468.2398345,2575412.94075915,549900.460225724,"france","no_book"
"2016-10-02",1867689.24919472,2412807.39983092,545812.314588847,"france","no_book"
"2016-10-03",1330798.11154554,1714656.66035154,389777.414063133,"france","no_book"
"2016-10-04",1331771.41595935,1954577.10817487,467947.855370312,"france","no_book"
"2016-10-05",1488076.29492411,1792298.82132086,465062.322259257,"france","no_book"
"2016-10-06",1395940.68275759,1880722.87702976,387330.806777608,"france","no_book"
"2016-10-07",1566725.79838796,2032707.64308143,544568.5884004,"france","no_book"
"2016-10-08",2030775.25494464,2654069.77970348,548030.771451876,"france","no_book"
"2016-10-09",1792940.47823605,2660812.47307303,549892.293524197,"france","no_book"
"2016-10-10",1407169.38170921,1875179.01573066,391414.765660061,"france","no_book"
"2016-10-11",1325550.53618232,1874485.85040456,469882.776555392,"france","no_book"
"2016-10-12",1405325.09841656,2030483.52781579,544069.463587695,"france","no_book"
"2016-10-13",1485466.16305729,1962565.29839228,469734.45554483,"france","no_book"
"2016-10-14",1557920.88813632,2027258.32549178,468812.199259605,"france","no_book"
"2016-10-15",2260409.61954404,2575420.15118589,551127.659383802,"france","no_book"
"2016-10-16",1949152.13018591,2652890.67180654,549644.147964692,"france","no_book"
"2016-10-17",1486188.28599058,2032313.40053716,474226.7505412,"france","no_book"
"2016-10-18",1472919.11387769,2025674.10720249,467361.82858749,"france","no_book"
"2016-10-19",1484114.24892329,1950174.53286394,465959.458165168,"france","no_book"
"2016-10-20",1718637.54456165,2104306.26151037,468214.406810004,"france","no_book"
"2016-10-21",1875494.65169642,2264053.35004764,543075.804858745,"france","no_book"
"2016-10-22",1944984.00203803,2503664.88354571,629369.057504554,"france","no_book"
"2016-10-23",1958402.83201256,2653321.87659019,702054.926428402,"france","no_book"
"2016-10-24",1566059.03851929,2107481.30292907,628527.492797588,"france","no_book"
"2016-10-25",1558507.82232255,2192364.72271829,464288.346000586,"france","no_book"
"2016-10-26",1645068.79645927,2182814.43250351,548668.272717056,"france","no_book"
"2016-10-27",1559581.8672207,2183571.55274456,545805.328054601,"france","no_book"
"2016-10-28",1951056.29779086,2029098.24416084,620797.899617923,"france","no_book"
"2016-10-29",2182398.14856896,2415700.04876587,771058.061761969,"france","no_book"
"2016-10-30",1794645.76081025,2419048.35085987,938051.236008692,"france","no_book"
"2016-10-31",1719148.2398345,2028964.94075915,862156.460225724,"france","no_book"
"2016-11-01",1867689.24919472,2334743.39983092,701940.314588847,"france","no_book"
"2016-11-02",1408862.11154554,1948848.66035154,702033.414063133,"france","no_book"
"2016-11-03",1409835.41595935,1720385.10817487,858267.855370312,"france","no_book"
"2016-11-04",1722268.29492411,2104554.82132086,855382.322259258,"france","no_book"
"2016-11-05",2098516.68275759,2427170.87702976,1011842.80677761,"france","no_book"
"2016-11-06",2035109.79838796,2501091.64308143,1012952.5884004,"france","no_book"
"2016-11-07",1562391.25494464,1951493.77970348,626094.771451876,"france","no_book"
"2016-11-08",1480684.47823605,1880172.47307303,706020.293524197,"france","no_book"
"2016-11-09",1407169.38170921,1797115.01573066,625606.765660061,"france","no_book"
"2016-11-10",1950062.53618232,2030613.85040456,704074.776555392,"france","no_book"
"2016-11-11",2732413.09841656,2811123.52781579,778261.463587695,"france","no_book"
"2016-11-12",7028010.16305729,2665141.29839229,938118.45554483,"france","no_book"
"2016-11-13",7803040.88813632,2495642.32549178,937196.199259605,"france","no_book"
"2016-11-14",2650729.61954404,1950908.15118589,707255.659383802,"france","no_book"
"2016-11-15",1949152.13018591,1950314.67180654,705772.147964692,"france","no_book"
"2016-11-16",1642316.28599058,2110377.40053716,708418.7505412,"france","no_book"
"2016-11-17",1629047.11387769,2025674.10720249,701553.82858749,"france","no_book"
"2016-11-18",1796370.24892329,2262430.53286394,700151.458165168,"france","no_book"
"2016-11-19",2187021.54456165,2650754.26151037,936598.406810004,"france","no_book"
"2016-11-20",1953558.65169642,2498245.35004764,855331.804858745,"france","no_book"
"2016-11-21",1632728.00203803,1957216.88354571,707433.057504554,"france","no_book"
"2016-11-22",1568082.83201256,1950745.87659019,623990.926428402,"france","no_book"
"2016-11-23",1644123.03851929,2029417.30292907,628527.492797588,"france","no_book"
"2016-11-24",1480443.82232255,2036236.72271829,542352.346000586,"france","no_book"
"2016-11-25",1645068.79645927,2026686.43250351,704796.272717056,"france","no_book"
"2016-11-26",2106029.8672207,2573891.55274456,858061.328054601,"france","no_book"
"2016-11-27",1872992.29779086,2653610.24416084,854989.899617923,"france","no_book"
"2016-11-28",1323694.14856896,2025380.04876587,927186.061761969,"france","no_book"
"2016-11-29",1404325.76081025,1950664.35085987,1094179.23600869,"france","no_book"
"2016-11-30",1563020.2398345,1950900.94075915,2033116.46022572,"france","no_book"
"2016-12-01",1477369.24919472,1866359.39983092,2341284.31458885,"france","no_book"
"2016-12-02",1799182.11154554,2183040.66035154,2107185.41406313,"france","no_book"
"2016-12-03",2034347.41595935,2579089.10817487,2107291.85537031,"france","no_book"
"2016-12-04",1956460.29492411,2494874.82132086,1636022.32225926,"france","no_book"
"2016-12-05",1395940.68275759,1880722.87702976,1089906.80677761,"france","no_book"
"2016-12-06",1410597.79838796,1954643.64308143,856824.5884004,"france","no_book"
"2016-12-07",1562391.25494464,2029557.77970348,782222.771451876,"france","no_book"
"2016-12-08",1792940.47823605,2036300.47307303,784084.293524197,"france","no_book"
"2016-12-09",1797489.38170921,2031307.01573066,781734.765660061,"france","no_book"
"2016-12-10",1950062.53618232,2733189.85040456,938266.776555392,"france","no_book"
"2016-12-11",1873709.09841656,2811123.52781579,934389.463587695,"france","no_book"
"2016-09-13",4608026.16305729,4616741.29839228,3123910.45554483,"newyork","no_book"
"2016-09-14",4680480.88813632,4525306.32549178,2810732.1992596,"newyork","no_book"
"2016-09-15",4680393.61954404,4605084.15118589,2893047.6593838,"newyork","no_book"
"2016-09-16",4681392.13018591,4526426.67180654,3281884.14796469,"newyork","no_book"
"2016-09-17",5077132.28599058,5623257.40053716,3440658.7505412,"newyork","no_book"
"2016-09-18",4907735.11387769,5226298.10720249,3667985.82858749,"newyork","no_book"
"2016-09-19",4294418.24892329,4370158.53286394,2964007.45816517,"newyork","no_book"
"2016-09-20",4450877.54456165,4680418.26151037,2888198.40681,"newyork","no_book"
"2016-09-21",4529670.65169642,4449845.35004764,3197251.80485875,"newyork","no_book"
"2016-09-22",4521096.00203803,4689456.88354571,2815161.05750455,"newyork","no_book"
"2016-09-23",4534514.83201256,4682985.87659019,3122038.9264284,"newyork","no_book"
"2016-09-24",5157003.03851929,5620361.30292907,3751087.49279759,"newyork","no_book"
"2016-09-25",4603003.82232255,5392988.72271829,3664912.34600059,"newyork","no_book"
"2016-09-26",4299244.79645927,4446670.43250351,3124780.27271706,"newyork","no_book"
"2016-09-27",4135693.8672207,4291299.55274456,3278045.3280546,"newyork","no_book"
"2016-09-28",4527168.29779086,4605210.24416084,3118845.89961792,"newyork","no_book"
"2016-09-29",4524318.14856896,4211172.04876587,2878786.06176197,"newyork","no_book"
"2016-09-30",4448821.76081025,4604840.35085987,3045779.23600869,"newyork","no_book"
"2016-10-01",4685580.2398345,5541844.94075915,4140844.46022572,"newyork","no_book"
"2016-10-02",4599929.24919472,5457303.39983092,3902564.31458885,"newyork","no_book"
"2016-10-03",4141102.11154554,4915280.66035154,3434273.41406313,"newyork","no_book"
"2016-10-04",4220139.41595935,4608753.10817487,3512443.85537031,"newyork","no_book"
"2016-10-05",4298380.29492411,4134218.82132086,3197302.32225926,"newyork","no_book"
"2016-10-06",4284308.68275759,4300706.87702976,3041506.80677761,"newyork","no_book"
"2016-10-07",4455093.79838796,4530755.64308143,3198744.5884004,"newyork","no_book"
"2016-10-08",4684951.25494464,5308245.77970348,4295102.77145188,"newyork","no_book"
"2016-10-09",4447116.47823605,5393052.47307303,4375028.2935242,"newyork","no_book"
"2016-10-10",3827153.38170921,4529355.01573066,3670102.76566006,"newyork","no_book"
"2016-10-11",4213918.53618232,5231237.85040457,3826634.77655539,"newyork","no_book"
"2016-10-12",4371757.09841656,4918851.52781579,3822757.46358769,"newyork","no_book"
"2016-10-13",4608026.16305729,4694805.29839228,3748422.45554483,"newyork","no_book"
"2016-10-14",4602416.88813632,4525306.32549178,3825564.1992596,"newyork","no_book"
"2016-10-15",4836521.61954404,5619916.15118589,4298199.6593838,"newyork","no_book"
"2016-10-16",4369136.13018591,5229002.67180654,4140588.14796469,"newyork","no_book"
"2016-10-17",4140364.28599058,4452297.40053716,3830978.7505412,"newyork","no_book"
"2016-10-18",4283223.11387769,4757914.10720249,3824113.82858749,"newyork","no_book"
"2016-10-19",4216354.24892329,4448222.53286394,3900775.45816517,"newyork","no_book"
"2016-10-20",4216685.54456165,4290098.26151037,3903030.40681,"newyork","no_book"
"2016-10-21",4529670.65169642,4605973.35004764,4368211.80485875,"newyork","no_book"
"2016-10-22",4833352.00203803,5626224.88354571,4922889.05750455,"newyork","no_book"
"2016-10-23",4534514.83201256,5463625.87659019,5073638.9264284,"newyork","no_book"
"2016-10-24",4298299.03851929,5151977.30292907,4687855.49279759,"newyork","no_book"
"2016-10-25",4368811.82232255,4924604.72271829,4913936.34600059,"newyork","no_book"
"2016-10-26",4377308.79645927,4758926.43250351,4920252.27271706,"newyork","no_book"
"2016-10-27",4369885.8672207,4525491.55274456,5307709.3280546,"newyork","no_book"
"2016-10-28",4605232.29779086,4136826.24416084,5773021.89961792,"newyork","no_book"
"2016-10-29",4758510.14856896,5382132.04876587,7796818.06176197,"newyork","no_book"
"2016-10-30",4448821.76081025,5775800.35085987,6012211.23600869,"newyork","no_book"
"2016-10-31",4373324.2398345,4370884.94075915,4375036.46022572,"newyork","no_book"
"2016-11-01",4521865.24919472,4754727.39983092,3356116.31458885,"newyork","no_book"
"2016-11-02",4531422.11154554,4603024.66035154,3122017.41406313,"newyork","no_book"
"2016-11-03",4844651.41595935,4608753.10817487,2965995.85537031,"newyork","no_book"
"2016-11-04",4688700.29492411,5070986.82132086,3197302.32225926,"newyork","no_book"
"2016-11-05",4986884.68275759,5627794.87702976,3509890.80677761,"newyork","no_book"
"2016-11-06",4533157.79838796,5311395.64308143,3276808.5884004,"newyork","no_book"
"2016-11-07",4294631.25494464,4605669.77970348,3670590.77145188,"newyork","no_book"
"2016-11-08",3822604.47823605,4690476.47307303,4921476.2935242,"newyork","no_book"
"2016-11-09",2968449.38170921,3592587.01573066,3982358.76566006,"newyork","no_book"
"2016-11-10",3979726.53618232,4606725.85040457,3280186.77655539,"newyork","no_book"
"2016-11-11",4293693.09841656,5387235.52781579,3276309.46358769,"newyork","no_book"
"2016-11-12",4764154.16305729,5475445.29839228,3358102.45554483,"newyork","no_book"
"2016-11-13",4368224.88813632,5462074.32549178,3357180.1992596,"newyork","no_book"
"2016-11-14",4212009.61954404,5073468.15118589,2971111.6593838,"newyork","no_book"
"2016-11-15",4291072.13018591,5072874.67180654,3203820.14796469,"newyork","no_book"
"2016-11-16",4530684.28599058,4920681.40053716,3206466.7505412,"newyork","no_book"
"2016-11-17",4361287.11387769,4601786.10720249,2887345.82858749,"newyork","no_book"
"2016-11-18",4762802.24892329,4994670.53286394,3120135.45816517,"newyork","no_book"
"2016-11-19",5153453.54456165,5539122.26151037,3356582.40681,"newyork","no_book"
"2016-11-20",5154182.65169642,5698869.35004764,3119187.80485875,"newyork","no_book"
"2016-11-21",5535928.00203803,4767520.88354571,2893225.05750455,"newyork","no_book"
"2016-11-22",4846770.83201256,4839113.87659019,2653654.9264284,"newyork","no_book"
"2016-11-23",4610555.03851929,4761657.30292907,2580127.49279759,"newyork","no_book"
"2016-11-24",4759131.82232255,5783308.72271829,2493952.34600059,"newyork","no_book"
"2016-11-25",4455372.79645927,4915054.43250351,2500268.27271706,"newyork","no_book"
"2016-11-26",4604077.8672207,5306131.55274456,2887725.3280546,"newyork","no_book"
"2016-11-27",4761360.29779086,5463914.24416084,2962717.89961792,"newyork","no_book"
"2016-11-28",4212062.14856896,4445364.04876587,2488466.06176197,"newyork","no_book"
"2016-11-29",4683013.76081025,4839032.35085987,2733523.23600869,"newyork","no_book"
"2016-11-30",4607516.2398345,4761204.94075915,2735692.46022572,"newyork","no_book"
"2016-12-01",4756057.24919472,4754727.39983092,2887732.31458885,"newyork","no_book"
"2016-12-02",5077870.11154554,5071408.66035154,3122017.41406313,"newyork","no_book"
"2016-12-03",5625291.41595935,5545521.10817487,3434379.85537031,"newyork","no_book"
"2016-12-04",5391276.29492411,5695498.82132086,3353430.32225926,"newyork","no_book"
"2016-12-05",4830756.68275759,4691026.87702976,2963442.80677761,"newyork","no_book"
"2016-12-06",4767349.79838796,4921075.64308143,3042616.5884004,"newyork","no_book"
"2016-12-07",4763015.25494464,4839861.77970348,2968014.77145188,"newyork","no_book"
"2016-12-08",4759372.47823605,4690476.47307303,3204068.2935242,"newyork","no_book"
"2016-12-09",5076177.38170921,4841611.01573066,3201718.76566006,"newyork","no_book"
"2016-12-10",5072622.53618232,5153173.85040457,3514378.77655539,"newyork","no_book"
"2016-12-11",5464653.09841656,5855619.52781579,3198245.46358769,"newyork","no_book"
"2016-09-13",2500298.16305729,4850933.29839228,1250374.45554483,"spain","no_book"
"2016-09-14",2650816.88813632,5071754.32549178,1249452.1992596,"spain","no_book"
"2016-09-15",2884921.61954404,5229596.15118589,1175639.6593838,"spain","no_book"
"2016-09-16",2963984.13018591,5385130.67180654,1486412.14796469,"spain","no_book"
"2016-09-17",3359724.28599058,6403897.40053716,1489058.7505412,"spain","no_book"
"2016-09-18",3034199.11387769,5850810.10720249,1638321.82858749,"spain","no_book"
"2016-09-19",2655074.24892329,4838542.53286394,1246599.45816517,"spain","no_book"
"2016-09-20",2421213.54456165,4680418.26151037,1326918.40681,"spain","no_book"
"2016-09-21",2578070.65169642,5152421.35004764,1167587.80485875,"spain","no_book"
"2016-09-22",2569496.00203803,5079776.88354571,1331945.05750455,"spain","no_book"
"2016-09-23",2582914.83201256,5619753.87659019,1326566.9264284,"spain","no_book"
"2016-09-24",2971211.03851929,6322937.30292907,1721423.49279759,"spain","no_book"
"2016-09-25",2807531.82232255,6095564.72271829,1635248.34600059,"spain","no_book"
"2016-09-26",2503772.79645927,5305374.43250351,1251244.27271706,"spain","no_book"
"2016-09-27",2496349.8672207,4603555.55274456,1248381.3280546,"spain","no_book"
"2016-09-28",2809760.29779086,4527146.24416084,1401437.89961792,"spain","no_book"
"2016-09-29",2728846.14856896,4835684.04876587,1395570.06176197,"spain","no_book"
"2016-09-30",2731413.76081025,4839032.35085987,1718691.23600869,"spain","no_book"
"2016-10-01",2968172.2398345,5463780.94075915,1798924.46022572,"spain","no_book"
"2016-10-02",2726393.24919472,5691495.39983092,1950964.31458885,"spain","no_book"
"2016-10-03",2501758.11154554,4290768.66035154,1872993.41406313,"spain","no_book"
"2016-10-04",2658859.41595935,4608753.10817487,1482779.85537031,"spain","no_book"
"2016-10-05",2424844.29492411,4524538.82132086,1245702.32225926,"spain","no_book"
"2016-10-06",2879156.68275759,4769090.87702976,1402162.80677761,"spain","no_book"
"2016-10-07",2815749.79838796,4999139.64308143,1559400.5884004,"spain","no_book"
"2016-10-08",2889479.25494464,6557269.77970348,1718990.77145188,"spain","no_book"
"2016-10-09",2807772.47823605,6329820.47307303,1564724.2935242,"spain","no_book"
"2016-10-10",2734257.38170921,4607419.01573066,1406246.76566006,"spain","no_book"
"2016-10-11",2886830.53618232,4606725.85040457,1484714.77655539,"spain","no_book"
"2016-10-12",2966605.09841656,5699491.52781579,1793093.46358769,"spain","no_book"
"2016-10-13",2890618.16305729,4616741.29839228,1406502.45554483,"spain","no_book"
"2016-10-14",3041136.88813632,5149818.32549178,1561708.1992596,"spain","no_book"
"2016-10-15",3665561.61954404,7259260.15118589,1878215.6593838,"spain","no_book"
"2016-10-16",2885920.13018591,6243834.67180654,1798668.14796469,"spain","no_book"
"2016-10-17",2657148.28599058,4530361.40053716,1489058.7505412,"spain","no_book"
"2016-10-18",2721943.11387769,4523722.10720249,1248001.82858749,"spain","no_book"
"2016-10-19",2498946.24892329,4760478.53286394,1480791.45816517,"spain","no_book"
"2016-10-20",2655405.54456165,4446226.26151037,1639174.40681,"spain","no_book"
"2016-10-21",2656134.65169642,5386613.35004764,1635971.80485875,"spain","no_book"
"2016-10-22",2959816.00203803,6094608.88354571,1878393.05750455,"spain","no_book"
"2016-10-23",2817106.83201256,5619753.87659019,1404630.9264284,"spain","no_book"
"2016-10-24",2346699.03851929,4449401.30292907,1409167.49279759,"spain","no_book"
"2016-10-25",2417211.82232255,4768476.72271829,1713312.34600059,"spain","no_book"
"2016-10-26",2503772.79645927,5227310.43250351,1797692.27271706,"spain","no_book"
"2016-10-27",2574413.8672207,5306131.55274456,1716765.3280546,"spain","no_book"
"2016-10-28",2731696.29779086,5385850.24416084,1791757.89961792,"spain","no_book"
"2016-10-29",2806910.14856896,6162772.04876587,1942018.06176197,"spain","no_book"
"2016-10-30",2731413.76081025,6009992.35085987,2030947.23600869,"spain","no_book"
"2016-10-31",2655916.2398345,5463780.94075915,2111180.46022572,"spain","no_book"
"2016-11-01",2726393.24919472,6784391.39983092,1638708.31458885,"spain","no_book"
"2016-11-02",2423694.11154554,5539792.66035154,1248481.41406313,"spain","no_book"
"2016-11-03",2814987.41595935,5077137.10817487,1170523.85537031,"spain","no_book"
"2016-11-04",2502908.29492411,5461306.82132086,1401830.32225926,"spain","no_book"
"2016-11-05",3113348.68275759,6174242.87702976,1558290.80677761,"spain","no_book"
"2016-11-06",2815749.79838796,5857843.64308143,1481336.5884004,"spain","no_book"
"2016-11-07",2421095.25494464,4995989.77970348,1250606.77145188,"spain","no_book"
"2016-11-08",2495516.47823605,5080796.47307303,1408596.2935242,"spain","no_book"
"2016-11-09",2265873.38170921,5231931.01573066,1406246.76566006,"spain","no_book"
"2016-11-10",2730702.53618232,5309301.85040457,1250522.77655539,"spain","no_book"
"2016-11-11",2888541.09841656,6480131.52781579,1636965.46358769,"spain","no_book"
"2016-11-12",2890618.16305729,6724469.29839228,1718758.45554483,"spain","no_book"
"2016-11-13",3119200.88813632,6008522.32549178,1483644.1992596,"spain","no_book"
"2016-11-14",2572665.61954404,5073468.15118589,1253703.6593838,"spain","no_book"
"2016-11-15",2651728.13018591,5072874.67180654,1330284.14796469,"spain","no_book"
"2016-11-16",2579084.28599058,4920681.40053716,1176802.7505412,"spain","no_book"
"2016-11-17",2721943.11387769,4992106.10720249,1326065.82858749,"spain","no_book"
"2016-11-18",3201522.24892329,5384990.53286394,1480791.45816517,"spain","no_book"
"2016-11-19",2811533.54456165,6007506.26151037,1795302.40681,"spain","no_book"
"2016-11-20",3280646.65169642,6323381.35004764,1479843.80485875,"spain","no_book"
"2016-11-21",3194008.00203803,5001712.88354571,1410009.05750455,"spain","no_book"
"2016-11-22",2973234.83201256,5151369.87659019,1248502.9264284,"spain","no_book"
"2016-11-23",2737019.03851929,4683593.30292907,1174975.49279759,"spain","no_book"
"2016-11-24",2573339.82232255,5471052.72271829,1166864.34600059,"spain","no_book"
"2016-11-25",2737964.79645927,5149246.43250351,1407372.27271706,"spain","no_book"
"2016-11-26",2730541.8672207,5852579.55274456,1482573.3280546,"spain","no_book"
"2016-11-27",2575568.29779086,6166490.24416084,1713693.89961792,"spain","no_book"
"2016-11-28",2572718.14856896,4835684.04876587,1395570.06176197,"spain","no_book"
"2016-11-29",2731413.76081025,4682904.35085987,1250307.23600869,"spain","no_book"
"2016-11-30",2577852.2398345,5151524.94075915,1252476.46022572,"spain","no_book"
"2016-12-01",3585097.24919472,5379239.39983092,1248388.31458885,"spain","no_book"
"2016-12-02",4063038.11154554,5227536.66035154,1638801.41406313,"spain","no_book"
"2016-12-03",3127243.41595935,5779713.10817487,1560843.85537031,"spain","no_book"
"2016-12-04",2893228.29492411,6241946.82132086,1714086.32225926,"spain","no_book"
"2016-12-05",2723028.68275759,7813586.87702976,1558290.80677761,"spain","no_book"
"2016-12-06",3752517.79838796,6013971.64308143,1481336.5884004,"spain","no_book"
"2016-12-07",3045607.25494464,5542437.77970348,1718990.77145188,"spain","no_book"
"2016-12-08",3432284.47823605,6251756.47307303,1564724.2935242,"spain","no_book"
"2016-12-09",3671025.38170921,5388059.01573066,1640438.76566006,"spain","no_book"
"2016-12-10",2964894.53618232,5855749.85040457,1875034.77655539,"spain","no_book"
"2016-12-11",3044669.09841656,5933683.52781579,1402773.46358769,"spain","no_book"
"2016-09-13",6247370.16305729,5709637.29839228,3201974.45554483,"washington","no_book"
"2016-09-14",6944336.88813632,5540138.32549178,3357180.1992596,"washington","no_book"
"2016-09-15",6163609.61954404,5073468.15118589,2736919.6593838,"washington","no_book"
"2016-09-16",6711056.13018591,5463194.67180654,3203820.14796469,"washington","no_book"
"2016-09-17",7106796.28599058,6560025.40053716,3440658.7505412,"washington","no_book"
"2016-09-18",6469015.11387769,5928874.10720249,2887345.82858749,"washington","no_book"
"2016-09-19",6011826.24892329,5697246.53286394,3042071.45816517,"washington","no_book"
"2016-09-20",6246349.54456165,5461058.26151037,2654006.40681,"washington","no_book"
"2016-09-21",6403206.65169642,5776933.35004764,3119187.80485875,"washington","no_book"
"2016-09-22",6238504.00203803,5704288.88354571,2737097.05750455,"washington","no_book"
"2016-09-23",6251922.83201256,5307497.87659019,3043974.9264284,"washington","no_book"
"2016-09-24",6406027.03851929,6401001.30292907,2970447.49279759,"washington","no_book"
"2016-09-25",6476539.82232255,6329756.72271829,3430720.34600059,"washington","no_book"
"2016-09-26",5470204.79645927,5461502.43250351,2734460.27271706,"washington","no_book"
"2016-09-27",5228589.8672207,5228067.55274456,2965789.3280546,"washington","no_book"
"2016-09-28",5776192.29779086,5307786.24416084,2806589.89961792,"washington","no_book"
"2016-09-29",5304958.14856896,4835684.04876587,2956850.06176197,"washington","no_book"
"2016-09-30",6322357.76081025,5073224.35085987,3123843.23600869,"washington","no_book"
"2016-10-01",5778476.2398345,5619908.94075915,3438268.46022572,"washington","no_book"
"2016-10-02",6083145.24919472,5613431.39983092,2887732.31458885,"washington","no_book"
"2016-10-03",6014638.11154554,5461728.66035154,2653633.41406313,"washington","no_book"
"2016-10-04",6249803.41595935,5311329.10817487,3122123.85537031,"washington","no_book"
"2016-10-05",6093852.29492411,4992922.82132086,3197302.32225926,"washington","no_book"
"2016-10-06",5611396.68275759,4925218.87702976,3119570.80677761,"washington","no_book"
"2016-10-07",6250565.79838796,5623651.64308143,2652296.5884004,"washington","no_book"
"2016-10-08",7104935.25494464,5776629.77970348,3826718.77145188,"washington","no_book"
"2016-10-09",6242588.47823605,5158860.47307303,3360196.2935242,"washington","no_book"
"2016-10-10",6012945.38170921,4685483.01573066,3201718.76566006,"washington","no_book"
"2016-10-11",5697134.53618232,5855749.85040457,3358250.77655539,"washington","no_book"
"2016-10-12",6557549.09841656,5074979.52781579,3276309.46358769,"washington","no_book"
"2016-10-13",6091242.16305729,4616741.29839228,2967782.45554483,"washington","no_book"
"2016-10-14",5539184.88813632,5149818.32549178,2888796.1992596,"washington","no_book"
"2016-10-15",6397801.61954404,5619916.15118589,3985943.6593838,"washington","no_book"
"2016-10-16",6320736.13018591,5853514.67180654,3281884.14796469,"washington","no_book"
"2016-10-17",5623580.28599058,4686489.40053716,3596786.7505412,"washington","no_book"
"2016-10-18",6390951.11387769,5226298.10720249,3511857.82858749,"washington","no_book"
"2016-10-19",6011826.24892329,4760478.53286394,3900775.45816517,"washington","no_book"
"2016-10-20",5934093.54456165,5461058.26151037,3981094.40681,"washington","no_book"
"2016-10-21",6481270.65169642,5464677.35004764,3587571.80485875,"washington","no_book"
"2016-10-22",6004312.00203803,5313968.88354571,4220313.05750455,"washington","no_book"
"2016-10-23",6564178.83201256,5463625.87659019,4371062.9264284,"washington","no_book"
"2016-10-24",5937643.03851929,5542297.30292907,3751087.49279759,"washington","no_book"
"2016-10-25",5539771.82232255,5861372.72271829,3977168.34600059,"washington","no_book"
"2016-10-26",5626332.79645927,5383438.43250351,4373804.27271706,"washington","no_book"
"2016-10-27",6789869.8672207,5228067.55274456,4136749.3280546,"washington","no_book"
"2016-10-28",6400704.29779086,5698106.24416084,4914317.89961792,"washington","no_book"
"2016-10-29",6710110.14856896,5460196.04876587,4752322.06176197,"washington","no_book"
"2016-10-30",6166229.76081025,5307416.35085987,5153507.23600869,"washington","no_book"
"2016-10-31",5934604.2398345,5151524.94075915,4296972.46022572,"washington","no_book"
"2016-11-01",6161209.24919472,5301175.39983092,3121924.31458885,"washington","no_book"
"2016-11-02",6326894.11154554,5149472.66035154,3356209.41406313,"washington","no_book"
"2016-11-03",6405931.41595935,5545521.10817487,3356315.85537031,"washington","no_book"
"2016-11-04",7030620.29492411,5695498.82132086,3275366.32225926,"washington","no_book"
"2016-11-05",6626228.68275759,6330370.87702976,3978274.80677761,"washington","no_book"
"2016-11-06",6406693.79838796,5467523.64308143,3511000.5884004,"washington","no_book"
"2016-11-07",6168167.25494464,5152117.77970348,3514462.77145188,"washington","no_book"
"2016-11-08",5305820.47823605,5393052.47307303,4531156.2935242,"washington","no_book"
"2016-11-09",4061345.38170921,4217099.01573066,5387510.76566006,"washington","no_book"
"2016-11-10",5619070.53618232,5621557.85040457,3826634.77655539,"washington","no_book"
"2016-11-11",5854973.09841656,5699491.52781579,3978885.46358769,"washington","no_book"
"2016-11-12",6793818.16305729,6412213.29839228,3514230.45554483,"washington","no_book"
"2016-11-13",5851440.88813632,6398842.32549178,3513308.1992596,"washington","no_book"
"2016-11-14",5226841.61954404,5854108.15118589,2971111.6593838,"washington","no_book"
"2016-11-15",6242672.13018591,5775450.67180654,3438012.14796469,"washington","no_book"
"2016-11-16",6248092.28599058,5701321.40053716,3128402.7505412,"washington","no_book"
"2016-11-17",6937399.11387769,4835978.10720249,2887345.82858749,"washington","no_book"
"2016-11-18",7182786.24892329,5463054.53286394,3900775.45816517,"washington","no_book"
"2016-11-19",6948925.54456165,6007506.26151037,3746902.40681,"washington","no_book"
"2016-11-20",6559334.65169642,5854997.35004764,3353379.80485875,"washington","no_book"
"2016-11-21",7799784.00203803,4923648.88354571,2737097.05750455,"washington","no_book"
"2016-11-22",6408050.83201256,5385561.87659019,2965910.9264284,"washington","no_book"
"2016-11-23",6406027.03851929,5230041.30292907,2814319.49279759,"washington","no_book"
"2016-11-24",6320411.82232255,5939436.72271829,2650080.34600059,"washington","no_book"
"2016-11-25",6563100.79645927,4915054.43250351,2422204.27271706,"washington","no_book"
"2016-11-26",7102125.8672207,6242899.55274456,3434173.3280546,"washington","no_book"
"2016-11-27",6556832.29779086,6478746.24416084,2962717.89961792,"washington","no_book"
"2016-11-28",6319790.14856896,5616324.04876587,2644594.06176197,"washington","no_book"
"2016-11-29",7102997.76081025,5385480.35085987,2733523.23600869,"washington","no_book"
"2016-11-30",6559116.2398345,4839268.94075915,2735692.46022572,"washington","no_book"
"2016-12-01",6785721.24919472,4988919.39983092,3121924.31458885,"washington","no_book"
"2016-12-02",7810110.11154554,5852048.66035154,2731697.41406313,"washington","no_book"
"2016-12-03",7576891.41595935,6091969.10817487,2887931.85537031,"washington","no_book"
"2016-12-04",7108684.29492411,6398074.82132086,3665686.32225926,"washington","no_book"
"2016-12-05",5845588.68275759,5237474.87702976,2495058.80677761,"washington","no_book"
"2016-12-06",6797013.79838796,4764947.64308143,3198744.5884004,"washington","no_book"
"2016-12-07",6636551.25494464,5464373.77970348,3514462.77145188,"washington","no_book"
"2016-12-08",7023228.47823605,5080796.47307303,2969876.2935242,"washington","no_book"
"2016-12-09",6793585.38170921,4919675.01573066,2655270.76566006,"washington","no_book"
"2016-12-10",7102286.53618232,5621557.85040457,3982762.77655539,"washington","no_book"
"2016-12-11",7025933.09841656,6948515.52781579,3588565.46358769,"washington","no_book"
"2016-09-13",3563199.4368245,4898911.5239433,3172015.89180922,"berlin","with_book"
"2016-09-14",3249515.19014072,4733382.54392075,3018777.90409509,"berlin","with_book"
"2016-09-15",3489139.09368309,4506922.44634611,3731714.07123582,"berlin","with_book"
"2016-09-16",4407014.40589175,4252149.01702825,3866327.19060435,"berlin","with_book"
"2016-09-17",5133151.76122016,5991734.31716438,5526279.72996421,"berlin","with_book"
"2016-09-18",3146288.73532054,6040997.67547438,3155636.34027988,"berlin","with_book"
"2016-09-19",3167364.66582948,4492100.90606446,2773677.21097453,"berlin","with_book"
"2016-09-20",2773564.90611529,4876612.9621482,2616090.83666918,"berlin","with_book"
"2016-09-21",3484910.62852074,4341762.60128649,3323457.83569754,"berlin","with_book"
"2016-09-22",4090739.3424926,4961689.2710796,3321589.1038247,"berlin","with_book"
"2016-09-23",3954025.26382344,4961172.97477686,4727221.87064399,"berlin","with_book"
"2016-09-24",4348344.50858706,6294938.13401871,5596494.07762927,"berlin","with_book"
"2016-09-25",3325751.62901359,6223668.90209876,3636943.93627218,"berlin","with_book"
"2016-09-26",3478600.6942912,5343291.93583852,3474978.67521789,"berlin","with_book"
"2016-09-27",3405203.99535441,4419262.39597704,3171934.95439584,"berlin","with_book"
"2016-09-28",3172017.28673914,4655206.5298348,2778581.08250823,"berlin","with_book"
"2016-09-29",3699617.25975689,5181815.57067275,3615438.4577122,"berlin","with_book"
"2016-09-30",4338699.24559237,6055932.47021411,4028641.33385365,"berlin","with_book"
"2016-10-01",4185051.7696835,6368453.59777002,4811358.66042576,"berlin","with_book"
"2016-10-02",4329826.57390978,6982615.49781199,5193530.0747695,"berlin","with_book"
"2016-10-03",4108938.26316058,5507898.64997751,3714411.34199529,"berlin","with_book"
"2016-10-04",3805726.14880973,4974866.73101856,3176162.01284433,"berlin","with_book"
"2016-10-05",3489679.37322153,5979798.42972211,3559541.35203572,"berlin","with_book"
"2016-10-06",3397746.34451352,4975150.08499315,4106194.07399358,"berlin","with_book"
"2016-10-07",4663209.16801663,5831771.23847929,4109307.09177262,"berlin","with_book"
"2016-10-08",4814952.6220496,6375303.38380236,5361888.79913412,"berlin","with_book"
"2016-10-09",4032628.91213343,5681301.66792857,4897379.07253496,"berlin","with_book"
"2016-10-10",3718949.79399977,4421128.99119021,3093510.96516307,"berlin","with_book"
"2016-10-11",3721633.26512093,4348338.62662771,4270961.62953327,"berlin","with_book"
"2016-10-12",4017492.92778678,4252140.78676237,3858613.47844789,"berlin","with_book"
"2016-10-13",3959519.4368245,4592655.5239433,3412207.89180922,"berlin","with_book"
"2016-10-14",3868027.19014072,4571254.54392075,3559225.90409509,"berlin","with_book"
"2016-10-15",4345843.09368309,5363626.44634611,6227762.07123582,"berlin","with_book"
"2016-10-16",3746438.40589175,5543173.01702825,4064455.19060435,"berlin","with_book"
"2016-10-17",3021423.76122016,3880006.31716438,4195191.72996422,"berlin","with_book"
"2016-10-18",3390480.73532054,5270357.67547438,3946276.34027988,"berlin","with_book"
"2016-10-19",3565684.66582948,4656228.90606446,3874573.21097453,"berlin","with_book"
"2016-10-20",3956524.90611529,4498292.9621482,3720986.83666918,"berlin","with_book"
"2016-10-21",4577806.62852074,5044338.60128649,6133761.83569754,"berlin","with_book"
"2016-10-22",4256867.3424926,5908457.2710796,6532213.1038247,"berlin","with_book"
"2016-10-23",5227049.26382344,4516788.97477686,5063477.87064399,"berlin","with_book"
"2016-10-24",3331512.50858706,5121978.13401871,4345470.07762927,"berlin","with_book"
"2016-10-25",3161623.62901359,4342132.90209876,4409583.93627218,"berlin","with_book"
"2016-10-26",3890920.6942912,5365291.93583852,4433746.67521789,"berlin","with_book"
"2016-10-27",3733459.99535441,5215902.39597704,4280830.95439584,"berlin","with_book"
"2016-10-28",4122785.28673914,5996294.5298348,5993205.08250823,"berlin","with_book"
"2016-10-29",3489425.25975689,5440007.57067275,7854894.4577122,"berlin","with_book"
"2016-10-30",4664955.24559237,5055100.47021411,5916177.33385365,"berlin","with_book"
"2016-10-31",4261115.7696835,4180661.59777002,5433870.66042576,"berlin","with_book"
"2016-11-01",4187698.57390978,3717927.49781199,3958506.0747695,"berlin","with_book"
"2016-11-02",3736618.26316058,4979450.64997751,3576283.34199529,"berlin","with_book"
"2016-11-03",3499470.14880973,4512482.73101856,3338290.01284433,"berlin","with_book"
"2016-11-04",4110191.37322153,4180326.42972211,4336181.35203572,"berlin","with_book"
"2016-11-05",4802898.34451352,5755790.08499315,5979730.07399358,"berlin","with_book"
"2016-11-06",3572313.16801663,5911835.23847929,3955179.09177262,"berlin","with_book"
"2016-11-07",3401800.6220496,4806023.38380236,3246160.79913412,"berlin","with_book"
"2016-11-08",3948564.91213343,4114021.66792857,3173971.07253496,"berlin","with_book"
"2016-11-09",3240565.79399977,3864680.99119021,2927382.96516307,"berlin","with_book"
"2016-11-10",3553505.26512093,4492466.62662771,3166065.62953327,"berlin","with_book"
"2016-11-11",3883364.92778678,5679292.78676237,3880613.47844789,"berlin","with_book"
"2016-11-12",4191711.4368245,5683551.5239433,4815359.89180922,"berlin","with_book"
"2016-11-13",4650667.19014072,5197766.54392075,3951545.90409509,"berlin","with_book"
"2016-11-14",4566035.09368309,5037370.44634611,3091202.07123582,"berlin","with_book"
"2016-11-15",4258886.40589175,4338213.01702825,3405943.19060435,"berlin","with_book"
"2016-11-16",3816063.76122016,4362390.31716438,3350487.72996421,"berlin","with_book"
"2016-11-17",3338416.73532054,4749909.67547438,3347764.34027988,"berlin","with_book"
"2016-11-18",3958004.66582948,4970484.90606446,4266893.21097453,"berlin","with_book"
"2016-11-19",4671100.90611529,6071572.9621482,5060074.83666918,"berlin","with_book"
"2016-11-20",3965294.62852074,5056338.60128649,3413521.83569754,"berlin","with_book"
"2016-11-21",5113571.3424926,4579369.2710796,2783141.1038247,"berlin","with_book"
"2016-11-22",3883961.26382344,4500788.97477686,2939749.87064399,"berlin","with_book"
"2016-11-23",3559704.50858706,4179210.13401871,2856254.07762927,"berlin","with_book"
"2016-11-24",3716071.62901359,4506260.90209876,3090495.93627218,"berlin","with_book"
"2016-11-25",4281240.6942912,4974971.93583852,3731170.67521789,"berlin","with_book"
"2016-11-26",4502099.99535441,4969710.39597704,4971406.95439584,"berlin","with_book"
"2016-11-27",4194849.28673914,4350950.5298348,3411093.08250823,"berlin","with_book"
"2016-11-28",3013041.25975689,4573303.57067275,3553374.4577122,"berlin","with_book"
"2016-11-29",3021611.24559237,4582716.47021411,2633489.33385365,"berlin","with_book"
"2016-11-30",3340347.7696835,4743109.59777002,3107950.66042576,"berlin","with_book"
"2016-12-01",3094802.57390978,5045015.49781199,2865610.0747695,"berlin","with_book"
"2016-12-02",4036874.26316058,4811322.64997751,3642347.34199529,"berlin","with_book"
"2016-12-03",4502302.14880973,4968866.73101856,4263058.01284433,"berlin","with_book"
"2016-12-04",4740703.37322153,5279222.42972211,4029925.35203572,"berlin","with_book"
"2016-12-05",3555874.34451352,4352638.08499315,2468850.07399358,"berlin","with_book"
"2016-12-06",3181993.16801663,4428619.23847929,3174539.09177262,"berlin","with_book"
"2016-12-07",3241672.6220496,4645895.38380236,2305392.79913412,"berlin","with_book"
"2016-12-08",3255988.91213343,5138853.66792857,3183971.07253496,"berlin","with_book"
"2016-12-09",4255397.79399977,5035640.99119021,3708022.96516307,"berlin","with_book"
"2016-12-10",4340145.26512093,5435234.62662771,5513985.62953327,"berlin","with_book"
"2016-12-11",4117556.92778678,6537996.78676237,3646421.47844789,"berlin","with_book"
"2016-09-13",1275343.4368245,1986543.5239433,415775.891809224,"france","with_book"
"2016-09-14",1504107.19014072,2051206.54392075,414665.904095091,"france","with_book"
"2016-09-15",1425475.09368309,2209066.44634611,419026.071235823,"france","with_book"
"2016-09-16",1662774.40589175,2054357.01702825,497575.190604351,"france","with_book"
"2016-09-17",2136719.76122016,2683046.31716438,578247.729964215,"france","with_book"
"2016-09-18",1655072.73532054,2676245.67547438,649588.340279885,"france","with_book"
"2016-09-19",1431956.66582948,1897988.90606446,491821.210974526,"france","with_book"
"2016-09-20",1432476.90611529,1896180.9621482,416298.83666918,"france","with_book"
"2016-09-21",1431246.62852074,2131970.60128649,489153.835697536,"france","with_book"
"2016-09-22",1422563.3424926,1981257.2710796,419221.103824699,"france","with_book"
"2016-09-23",1516041.26382344,2210932.97477686,493765.870643988,"france","with_book"
"2016-09-24",1982424.50858706,2758058.13401871,576398.077629273,"france","with_book"
"2016-09-25",1740471.62901359,2608724.90209876,568447.936272175,"france","with_book"
"2016-09-26",1593064.6942912,1896475.93583852,496546.675217885,"france","with_book"
"2016-09-27",1427603.99535441,1895214.39597704,413694.954395837,"france","with_book"
"2016-09-28",1586737.28673914,1977030.5298348,412661.082508233,"france","with_book"
"2016-09-29",1505825.25975689,1895127.57067275,484878.457712202,"france","with_book"
"2016-09-30",1662523.24559237,2052668.47021411,493761.333853651,"france","with_book"
"2016-10-01",2135387.7696835,2601381.59777002,575902.660425763,"france","with_book"
"2016-10-02",1893842.57390978,2438903.49781199,571754.074769496,"france","with_book"
"2016-10-03",1356698.26316058,1740826.64997751,415723.341995286,"france","with_book"
"2016-10-04",1355742.14880973,1978434.73101856,491986.012844331,"france","with_book"
"2016-10-05",1512079.37322153,1816406.42972211,489045.352035723,"france","with_book"
"2016-10-06",1420146.34451352,1904654.08499315,411186.073993577,"france","with_book"
"2016-10-07",1592713.16801663,2058699.23847929,570427.091772624,"france","with_book"
"2016-10-08",2056712.62204959,2680295.38380236,573984.799134118,"france","with_book"
"2016-10-09",1818836.91213343,2686869.66792857,575859.072534958,"france","with_book"
"2016-10-10",1433093.79399977,1901080.99119021,417334.965163066,"france","with_book"
"2016-10-11",1351713.26512093,1900354.62662771,495889.62953327,"france","with_book"
"2016-10-12",1429380.92778678,2054348.78676237,567925.47844789,"france","with_book"
"2016-10-13",1511535.4368245,1988543.5239433,495839.891809224,"france","with_book"
"2016-10-14",1582171.19014072,2051206.54392075,492729.904095091,"france","with_book"
"2016-10-15",2284179.09368309,2599386.44634611,575154.071235823,"france","with_book"
"2016-10-16",2001030.40589175,2704869.01702825,601639.190604351,"france","with_book"
"2016-10-17",1512207.76122016,2058534.31716438,500183.729964215,"france","with_book"
"2016-10-18",1498944.73532054,2051733.67547438,493460.340279884,"france","with_book"
"2016-10-19",1508020.66582948,1974052.90606446,489821.210974526,"france","with_book"
"2016-10-20",1742732.90611529,2128372.9621482,492362.83666918,"france","with_book"
"2016-10-21",1903630.62852074,2292098.60128649,571217.835697536,"france","with_book"
"2016-10-22",1971011.3424926,2529705.2710796,655413.103824698,"france","with_book"
"2016-10-23",1984425.26382344,2679316.97477686,727957.870643988,"france","with_book"
"2016-10-24",1592104.50858706,2133546.13401871,654462.077629273,"france","with_book"
"2016-10-25",1582343.62901359,2216404.90209876,488383.936272175,"france","with_book"
"2016-10-26",1669128.6942912,2206731.93583852,572610.675217885,"france","with_book"
"2016-10-27",1587731.99535441,2211470.39597704,573822.954395837,"france","with_book"
"2016-10-28",1983057.28673914,2061094.5298348,652853.082508233,"france","with_book"
"2016-10-29",2210401.25975689,2443575.57067275,799134.457712202,"france","with_book"
"2016-10-30",1822651.24559237,2446988.47021411,966145.333853651,"france","with_book"
"2016-10-31",1747067.7696835,2056933.59777002,890158.660425763,"france","with_book"
"2016-11-01",1893842.57390978,2360839.49781199,727882.074769496,"france","with_book"
"2016-11-02",1434762.26316058,1975018.64997751,727979.341995286,"france","with_book"
"2016-11-03",1437806.14880973,1748242.73101856,886306.012844331,"france","with_book"
"2016-11-04",1748271.37322153,2130662.42972211,881365.352035723,"france","with_book"
"2016-11-05",2124722.34451352,2453102.08499315,1037698.07399358,"france","with_book"
"2016-11-06",2059097.16801663,2525083.23847929,1036811.09177262,"france","with_book"
"2016-11-07",1588328.62204959,1977719.38380236,652048.799134118,"france","with_book"
"2016-11-08",1504580.91213343,1904229.66792857,729987.072534958,"france","with_book"
"2016-11-09",1429093.79399977,1819016.99119021,647526.965163066,"france","with_book"
"2016-11-10",1974225.26512093,2054482.62662771,728081.62953327,"france","with_book"
"2016-11-11",2758468.92778678,2836988.78676237,804117.47844789,"france","with_book"
"2016-11-12",7054079.4368245,2691119.5239433,964223.891809224,"france","with_book"
"2016-11-13",7831291.19014072,2523590.54392075,965113.904095091,"france","with_book"
"2016-11-14",2676499.09368309,1976874.44634611,733282.071235823,"france","with_book"
"2016-11-15",1975030.40589175,1976293.01702825,731767.190604351,"france","with_book"
"2016-11-16",1668335.76122016,2136598.31716438,734375.729964215,"france","with_book"
"2016-11-17",1653072.73532054,2049733.67547438,725652.340279885,"france","with_book"
"2016-11-18",1820276.66582948,2286308.90606446,724013.210974526,"france","with_book"
"2016-11-19",2213116.90611529,2676820.9621482,962746.83666918,"france","with_book"
"2016-11-20",1979694.62852074,2524290.60128649,881473.835697536,"france","with_book"
"2016-11-21",1656755.3424926,1981257.2710796,731477.103824698,"france","with_book"
"2016-11-22",1594105.26382344,1976740.97477686,649893.870643988,"france","with_book"
"2016-11-23",1668168.50858706,2053482.13401871,652462.077629273,"france","with_book"
"2016-11-24",1508279.62901359,2064276.90209876,570447.936272175,"france","with_book"
"2016-11-25",1673128.6942912,2054603.93583852,732738.675217885,"france","with_book"
"2016-11-26",2132179.99535441,2599790.39597704,884078.954395837,"france","with_book"
"2016-11-27",1900993.28673914,2681606.5298348,883045.082508233,"france","with_book"
"2016-11-28",1349697.25975689,2051255.57067275,953262.457712202,"france","with_book"
"2016-11-29",1430331.24559237,1976604.47021411,1120273.33385365,"france","with_book"
"2016-11-30",1590939.7696835,1978869.59777002,2061118.66042576,"france","with_book"
"2016-12-01",1503522.57390978,1892455.49781199,2367226.0747695,"france","with_book"
"2016-12-02",1825082.26316058,2209210.64997751,2133131.34199529,"france","with_book"
"2016-12-03",2060318.14880973,2604946.73101856,2133330.01284433,"france","with_book"
"2016-12-04",1982463.37322153,2520982.42972211,1662005.35203572,"france","with_book"
"2016-12-05",1420146.34451352,1904654.08499315,1113762.07399358,"france","with_book"
"2016-12-06",1436585.16801663,1980635.23847929,882683.091772624,"france","with_book"
"2016-12-07",1588328.62204959,2055783.38380236,808176.799134118,"france","with_book"
"2016-12-08",1818836.91213343,2062357.66792857,810051.072534958,"france","with_book"
"2016-12-09",1821413.79399977,2055208.99119021,805654.965163066,"france","with_book"
"2016-12-10",1974225.26512093,2757058.62662771,962273.62953327,"france","with_book"
"2016-12-11",1899764.92778678,2836988.78676237,960245.47844789,"france","with_book"
"2016-09-13",4738095.4368245,4746719.5239433,3254015.89180922,"newyork","with_book"
"2016-09-14",4812731.19014072,4657254.54392075,2942649.90409509,"newyork","with_book"
"2016-09-15",4814163.09368309,4739050.44634611,3027074.07123582,"newyork","with_book"
"2016-09-16",4799270.40589175,4644405.01702825,3399879.19060435,"newyork","with_book"
"2016-09-17",5191151.76122016,5737478.31716438,3554615.72996421,"newyork","with_book"
"2016-09-18",5027760.73532054,5346357.67547438,3788084.34027988,"newyork","with_book"
"2016-09-19",4416324.66582948,4492036.90606446,3085869.21097453,"newyork","with_book"
"2016-09-20",4574972.90611529,4804484.9621482,3012346.83666918,"newyork","with_book"
"2016-09-21",4647806.62852074,4567890.60128649,3315393.83569754,"newyork","with_book"
"2016-09-22",4637123.3424926,4805497.2710796,2931205.1038247,"newyork","with_book"
"2016-09-23",4646537.26382344,4794980.97477686,3233941.87064399,"newyork","with_book"
"2016-09-24",5263048.50858706,5726426.13401871,3857022.07762927,"newyork","with_book"
"2016-09-25",4712839.62901359,5503028.90209876,3775007.93627218,"newyork","with_book"
"2016-09-26",4413304.6942912,4560587.93583852,3238722.67521789,"newyork","with_book"
"2016-09-27",4247843.99535441,4403198.39597704,3390062.95439584,"newyork","with_book"
"2016-09-28",4649169.28673914,4727206.5298348,3240901.08250823,"newyork","with_book"
"2016-09-29",4638321.25975689,4325047.57067275,2992862.4577122,"newyork","with_book"
"2016-09-30",4556827.24559237,4712780.47021411,3153873.33385365,"newyork","with_book"
"2016-10-01",4783499.7696835,5639813.59777002,4238846.66042576,"newyork","with_book"
"2016-10-02",4696082.57390978,5553399.49781199,3998506.0747695,"newyork","with_book"
"2016-10-03",4245002.26316058,5019450.64997751,3538219.34199529,"newyork","with_book"
"2016-10-04",4332110.14880973,4720610.73101856,3624482.01284433,"newyork","with_book"
"2016-10-05",4408383.37322153,4244326.42972211,3307285.35203572,"newyork","with_book"
"2016-10-06",4398514.34451352,4414638.08499315,3155362.07399358,"newyork","with_book"
"2016-10-07",4559081.16801663,4634747.23847929,3302603.09177262,"newyork","with_book"
"2016-10-08",4782888.6220496,5406471.38380236,4393056.79913412,"newyork","with_book"
"2016-10-09",4549012.91213343,5495109.66792857,4476995.07253496,"newyork","with_book"
"2016-10-10",3923077.79399977,4625256.99119021,3766022.96516307,"newyork","with_book"
"2016-10-11",4326081.26512093,5343106.62662771,3938641.62953327,"newyork","with_book"
"2016-10-12",4479812.92778678,5026716.78676237,3930613.47844789,"newyork","with_book"
"2016-10-13",4718095.4368245,4804783.5239433,3858527.89180922,"newyork","with_book"
"2016-10-14",4710667.19014072,4633254.54392075,3933481.90409509,"newyork","with_book"
"2016-10-15",4936291.09368309,5719882.44634611,4398226.07123582,"newyork","with_book"
"2016-10-16",4483014.40589175,5342981.01702825,4254583.19060435,"newyork","with_book"
"2016-10-17",4258383.76122016,4570518.31716438,3948935.72996421,"newyork","with_book"
"2016-10-18",4407248.73532054,4881973.67547438,3948212.34027988,"newyork","with_book"
"2016-10-19",4334260.66582948,4566100.90606446,4018637.21097453,"newyork","with_book"
"2016-10-20",4334780.90611529,4408164.9621482,4021178.83666918,"newyork","with_book"
"2016-10-21",4637806.62852074,4714018.60128649,4476353.83569754,"newyork","with_book"
"2016-10-22",4939379.3424926,5732265.2710796,5028933.1038247,"newyork","with_book"
"2016-10-23",4638537.26382344,5567620.97477686,5177541.87064399,"newyork","with_book"
"2016-10-24",4416344.50858706,5270042.13401871,4805790.07762927,"newyork","with_book"
"2016-10-25",4486647.62901359,5042644.90209876,5032031.93627218,"newyork","with_book"
"2016-10-26",4497368.6942912,4878843.93583852,5040194.67521789,"newyork","with_book"
"2016-10-27",4490035.99535441,4645390.39597704,5427726.95439584,"newyork","with_book"
"2016-10-28",4721233.28673914,4252822.5298348,5889077.08250823,"newyork","with_book"
"2016-10-29",4856513.25975689,5480007.57067275,7894894.4577122,"newyork","with_book"
"2016-10-30",4556827.24559237,5883740.47021411,6120305.33385365,"newyork","with_book"
"2016-10-31",4479243.7696835,4476853.59777002,4481038.66042576,"newyork","with_book"
"2016-11-01",4640018.57390978,4872823.49781199,3474058.0747695,"newyork","with_book"
"2016-11-02",4647322.26316058,4719194.64997751,3237963.34199529,"newyork","with_book"
"2016-11-03",4962622.14880973,4726610.73101856,3084034.01284433,"newyork","with_book"
"2016-11-04",4792703.37322153,5175094.42972211,3301285.35203572,"newyork","with_book"
"2016-11-05",5081090.34451352,5721726.08499315,3603746.07399358,"newyork","with_book"
"2016-11-06",4631145.16801663,5409387.23847929,3374667.09177262,"newyork","with_book"
"2016-11-07",4404568.6220496,4715895.38380236,3780544.79913412,"newyork","with_book"
"2016-11-08",3920500.91213343,4788533.66792857,5019443.07253496,"newyork","with_book"
"2016-11-09",3052373.79399977,3676488.99119021,4066278.96516307,"newyork","with_book"
"2016-11-10",4083889.26512093,4710594.62662771,3384193.62953327,"newyork","with_book"
"2016-11-11",4389748.92778678,5483100.78676237,3372165.47844789,"newyork","with_book"
"2016-11-12",4864223.4368245,5575423.5239433,3458207.89180922,"newyork","with_book"
"2016-11-13",4472475.19014072,5566022.54392075,3461097.90409509,"newyork","with_book"
"2016-11-14",4325779.09368309,5187434.44634611,3085138.07123582,"newyork","with_book"
"2016-11-15",4412950.40589175,5194853.01702825,3325815.19060435,"newyork","with_book"
"2016-11-16",4654703.76122016,5044902.31716438,3330423.72996421,"newyork","with_book"
"2016-11-17",4485312.73532054,4725845.67547438,3011444.34027988,"newyork","with_book"
"2016-11-18",4884708.66582948,5116548.90606446,3241997.21097453,"newyork","with_book"
"2016-11-19",5261548.90611529,5647188.9621482,3464730.83666918,"newyork","with_book"
"2016-11-20",5274318.62852074,5818914.60128649,3239329.83569754,"newyork","with_book"
"2016-11-21",5651955.3424926,4883561.2710796,3009269.1038247,"newyork","with_book"
"2016-11-22",4964793.26382344,4957108.97477686,2771557.87064399,"newyork","with_book"
"2016-11-23",4714600.50858706,4865722.13401871,2684062.07762927,"newyork","with_book"
"2016-11-24",4842967.62901359,5867348.90209876,2578047.93627218,"newyork","with_book"
"2016-11-25",4557432.6942912,5016971.93583852,2602210.67521789,"newyork","with_book"
"2016-11-26",4716227.99535441,5418030.39597704,2999742.95439584,"newyork","with_book"
"2016-11-27",4879361.28673914,5581910.5298348,3080773.08250823,"newyork","with_book"
"2016-11-28",4332065.25975689,4565239.57067275,2608542.4577122,"newyork","with_book"
"2016-11-29",4809019.24559237,4964972.47021411,2859617.33385365,"newyork","with_book"
"2016-11-30",4731435.7696835,4885173.59777002,2859694.66042576,"newyork","with_book"
"2016-12-01",4884210.57390978,4882823.49781199,3015674.0747695,"newyork","with_book"
"2016-12-02",5201770.26316058,5195578.64997751,3245963.34199529,"newyork","with_book"
"2016-12-03",5737262.14880973,5657378.73101856,3546418.01284433,"newyork","with_book"
"2016-12-04",5511279.37322153,5815606.42972211,3473413.35203572,"newyork","with_book"
"2016-12-05",4950962.34451352,4810958.08499315,3083298.07399358,"newyork","with_book"
"2016-12-06",4895337.16801663,5049067.23847929,3170475.09177262,"newyork","with_book"
"2016-12-07",4892952.6220496,4970087.38380236,3097968.79913412,"newyork","with_book"
"2016-12-08",4885268.91213343,4816533.66792857,3330035.07253496,"newyork","with_book"
"2016-12-09",5190101.79399977,4955512.99119021,3315638.96516307,"newyork","with_book"
"2016-12-10",5180785.26512093,5261042.62662771,3622385.62953327,"newyork","with_book"
"2016-12-11",5580708.92778678,5971484.78676237,3314101.47844789,"newyork","with_book"
"2016-09-13",2544367.4368245,4894911.5239433,1294479.89180922,"spain","with_book"
"2016-09-14",2695067.19014072,5115702.54392075,1293369.90409509,"spain","with_book"
"2016-09-15",2932691.09368309,5277562.44634611,1223666.07123582,"spain","with_book"
"2016-09-16",3007862.40589175,5429109.01702825,1530407.19060435,"spain","with_book"
"2016-09-17",3407743.76122016,6452118.31716438,1537015.72996421,"spain","with_book"
"2016-09-18",3074224.73532054,5890869.67547438,1678420.34027988,"spain","with_book"
"2016-09-19",2694980.66582948,4878420.90606446,1286461.21097453,"spain","with_book"
"2016-09-20",2463308.90611529,4722484.9621482,1369066.83666918,"spain","with_book"
"2016-09-21",2622206.62852074,5196466.60128649,1211729.83569754,"spain","with_book"
"2016-09-22",2615523.3424926,5125817.2710796,1377989.1038247,"spain","with_book"
"2016-09-23",2626937.26382344,5663748.97477686,1370469.87064399,"spain","with_book"
"2016-09-24",3005256.50858706,6357002.13401871,1755358.07762927,"spain","with_book"
"2016-09-25",2851367.62901359,6139604.90209876,1679343.93627217,"spain","with_book"
"2016-09-26",2545832.6942912,5347291.93583852,1293186.67521789,"spain","with_book"
"2016-09-27",2538499.99535441,4645454.39597704,1290398.95439584,"spain","with_book"
"2016-09-28",2855761.28673914,4573142.5298348,1447493.08250823,"spain","with_book"
"2016-09-29",2774849.25975689,4881559.57067275,1441646.4577122,"spain","with_book"
"2016-09-30",2769419.24559237,4876972.47021411,1756785.33385365,"spain","with_book"
"2016-10-01",3006091.7696835,5501749.59777002,1836926.66042576,"spain","with_book"
"2016-10-02",2770546.57390978,5735591.49781199,1994906.0747695,"spain","with_book"
"2016-10-03",2547658.26316058,4336938.64997751,1918939.34199529,"spain","with_book"
"2016-10-04",2710830.14880973,4660610.73101856,1534818.01284433,"spain","with_book"
"2016-10-05",2472847.37322153,4572646.42972211,1293685.35203572,"spain","with_book"
"2016-10-06",2925362.34451352,4815022.08499315,1448018.07399358,"spain","with_book"
"2016-10-07",2855737.16801663,5039131.23847929,1599259.09177262,"spain","with_book"
"2016-10-08",2929416.6220496,6597495.38380236,1758944.79913412,"spain","with_book"
"2016-10-09",2849668.91213343,6371877.66792857,1606691.07253496,"spain","with_book"
"2016-10-10",2776181.79399977,4649320.99119021,1448166.96516307,"spain","with_book"
"2016-10-11",2924993.26512093,4644594.62662771,1522721.62953327,"spain","with_book"
"2016-10-12",3012660.92778678,5745356.78676237,1838949.47844789,"spain","with_book"
"2016-10-13",2938687.4368245,4664719.5239433,1454607.89180922,"spain","with_book"
"2016-10-14",3077387.19014072,5185766.54392075,1597625.90409509,"spain","with_book"
"2016-10-15",3703331.09368309,7297226.44634611,1916242.07123582,"spain","with_book"
"2016-10-16",2925798.40589175,6283813.01702825,1838663.19060435,"spain","with_book"
"2016-10-17",2703167.76122016,4576582.31716438,1535015.72996421,"spain","with_book"
"2016-10-18",2769968.73532054,4571781.67547438,1296100.34027988,"spain","with_book"
"2016-10-19",2546852.66582948,4808356.90606446,1528653.21097453,"spain","with_book"
"2016-10-20",2705500.90611529,4496292.9621482,1689322.83666918,"spain","with_book"
"2016-10-21",2698270.62852074,5428658.60128649,1678113.83569754,"spain","with_book"
"2016-10-22",2999843.3424926,6134649.2710796,1918437.1038247,"spain","with_book"
"2016-10-23",2857129.26382344,5659748.97477686,1444533.87064399,"spain","with_book"
"2016-10-24",2390744.50858706,4493466.13401871,1453102.07762927,"spain","with_book"
"2016-10-25",2461047.62901359,4812516.90209876,1757407.93627217,"spain","with_book"
"2016-10-26",2551832.6942912,5275227.93583852,1845634.67521789,"spain","with_book"
"2016-10-27",2622563.99535441,5354030.39597704,1764782.95439584,"spain","with_book"
"2016-10-28",2777697.28673914,5431846.5298348,1837813.08250823,"spain","with_book"
"2016-10-29",2848913.25975689,6204647.57067275,1984094.4577122,"spain","with_book"
"2016-10-30",2777419.24559237,6055932.47021411,2077041.33385365,"spain","with_book"
"2016-10-31",2695835.7696835,5503749.59777002,2151182.66042576,"spain","with_book"
"2016-11-01",2768546.57390978,6826487.49781199,1680650.0747695,"spain","with_book"
"2016-11-02",2465594.26316058,5581962.64997751,1290427.34199529,"spain","with_book"
"2016-11-03",2860958.14880973,5122994.73101856,1216562.01284433,"spain","with_book"
"2016-11-04",2540911.37322153,5499414.42972211,1439813.35203572,"spain","with_book"
"2016-11-05",3157554.34451352,6218174.08499315,1602146.07399358,"spain","with_book"
"2016-11-06",2863737.16801663,5905835.23847929,1529195.09177262,"spain","with_book"
"2016-11-07",2467032.6220496,5042215.38380236,1296560.79913412,"spain","with_book"
"2016-11-08",2539412.91213343,5124853.66792857,1452563.07253496,"spain","with_book"
"2016-11-09",2305797.79399977,5271832.99119021,1446166.96516307,"spain","with_book"
"2016-11-10",2772865.26512093,5351170.62662771,1292529.62953327,"spain","with_book"
"2016-11-11",2930596.92778678,6521996.78676237,1678821.47844789,"spain","with_book"
"2016-11-12",2932687.4368245,6766447.5239433,1760863.89180922,"spain","with_book"
"2016-11-13",3163451.19014072,6052470.54392075,1527561.90409509,"spain","with_book"
"2016-11-14",2614435.09368309,5115434.44634611,1295730.07123582,"spain","with_book"
"2016-11-15",2699606.40589175,5120853.01702825,1378279.19060435,"spain","with_book"
"2016-11-16",2625103.76122016,4966902.31716438,1222759.72996421,"spain","with_book"
"2016-11-17",2769968.73532054,5040165.67547438,1374164.34027988,"spain","with_book"
"2016-11-18",3241428.66582948,5424868.90606446,1520653.21097453,"spain","with_book"
"2016-11-19",2851628.90611529,6047572.9621482,1835450.83666918,"spain","with_book"
"2016-11-20",3328782.62852074,6371426.60128649,1527985.83569754,"spain","with_book"
"2016-11-21",3240035.3424926,5047753.2710796,1456053.1038247,"spain","with_book"
"2016-11-22",3019257.26382344,5197364.97477686,1294405.87064399,"spain","with_book"
"2016-11-23",2781064.50858706,4727658.13401871,1218910.07762927,"spain","with_book"
"2016-11-24",2617175.62901359,5515092.90209876,1210959.93627217,"spain","with_book"
"2016-11-25",2782024.6942912,5193163.93583852,1451314.67521789,"spain","with_book"
"2016-11-26",2770691.99535441,5892478.39597704,1522590.95439584,"spain","with_book"
"2016-11-27",2619569.28673914,6210486.5298348,1757749.08250823,"spain","with_book"
"2016-11-28",2614721.25975689,4877559.57067275,1437646.4577122,"spain","with_book"
"2016-11-29",2775419.24559237,4726844.47021411,1294401.33385365,"spain","with_book"
"2016-11-30",2621771.7696835,5195493.59777002,1296478.66042576,"spain","with_book"
"2016-12-01",3627250.57390978,5421335.49781199,1290330.0747695,"spain","with_book"
"2016-12-02",4104938.26316058,5269706.64997751,1680747.34199529,"spain","with_book"
"2016-12-03",3161214.14880973,5813570.73101856,1594882.01284433,"spain","with_book"
"2016-12-04",2937231.37322153,6286054.42972211,1758069.35203572,"spain","with_book"
"2016-12-05",2767234.34451352,7857518.08499315,1602146.07399358,"spain","with_book"
"2016-12-06",3798505.16801663,6059963.23847929,1527195.09177262,"spain","with_book"
"2016-12-07",3087544.6220496,5584663.38380236,1760944.79913412,"spain","with_book"
"2016-12-08",3474180.91213343,6293813.66792857,1606691.07253496,"spain","with_book"
"2016-12-09",3704949.79399977,5421960.99119021,1674358.96516307,"spain","with_book"
"2016-12-10",3001057.26512093,5891618.62662771,1911041.62953327,"spain","with_book"
"2016-12-11",3086724.92778678,5975548.78676237,1444629.47844789,"spain","with_book"
"2016-09-13",6403439.4368245,5865615.5239433,3358079.89180922,"washington","with_book"
"2016-09-14",7112587.19014072,5708086.54392075,3525097.90409509,"washington","with_book"
"2016-09-15",6319379.09368309,5229434.44634611,2892946.07123582,"washington","with_book"
"2016-09-16",6870934.40589175,5623173.01702825,3363815.19060435,"washington","with_book"
"2016-09-17",7266815.76122016,6720246.31716438,3600615.72996421,"washington","with_book"
"2016-09-18",6633040.73532054,6092933.67547438,3051444.34027988,"washington","with_book"
"2016-09-19",6163732.66582948,5849124.90606446,3193933.21097453,"washington","with_book"
"2016-09-20",6400444.90611529,5615124.9621482,2808154.83666918,"washington","with_book"
"2016-09-21",6561342.62852074,5934978.60128649,3277329.83569754,"washington","with_book"
"2016-09-22",6388531.3424926,5854329.2710796,2887141.1038247,"washington","with_book"
"2016-09-23",6399945.26382344,5455492.97477686,3191877.87064399,"washington","with_book"
"2016-09-24",6548072.50858706,6543066.13401871,3112382.07762927,"washington","with_book"
"2016-09-25",6626375.62901359,6479796.90209876,3580815.93627218,"washington","with_book"
"2016-09-26",5632264.6942912,5623419.93583852,2896402.67521789,"washington","with_book"
"2016-09-27",5380739.99535441,5379966.39597704,3117806.95439584,"washington","with_book"
"2016-09-28",5918193.28673914,5449782.5298348,2948645.08250823,"washington","with_book"
"2016-09-29",5476961.25975689,5007559.57067275,3128926.4577122,"washington","with_book"
"2016-09-30",6484363.24559237,5235164.47021411,3285937.33385365,"washington","with_book"
"2016-10-01",5928395.7696835,5769877.59777002,3588270.66042576,"washington","with_book"
"2016-10-02",6233298.57390978,5763527.49781199,3037674.0747695,"washington","with_book"
"2016-10-03",6164538.26316058,5611898.64997751,2803579.34199529,"washington","with_book"
"2016-10-04",6401774.14880973,5463186.73101856,3274162.01284433,"washington","with_book"
"2016-10-05",6233855.37322153,5133030.42972211,3337285.35203572,"washington","with_book"
"2016-10-06",5775602.34451352,5089150.08499315,3283426.07399358,"washington","with_book"
"2016-10-07",6406553.16801663,5779643.23847929,2808155.09177262,"washington","with_book"
"2016-10-08",7250872.6220496,5922855.38380236,3972672.79913412,"washington","with_book"
"2016-10-09",6388484.91213343,5304917.66792857,3506163.07253496,"washington","with_book"
"2016-10-10",6172869.79399977,4845384.99119021,3361638.96516307,"washington","with_book"
"2016-10-11",5865297.26512093,6023618.62662771,3526257.62953327,"washington","with_book"
"2016-10-12",6709604.92778678,5226844.78676237,3428165.47844789,"washington","with_book"
"2016-10-13",6237311.4368245,4762719.5239433,3113887.89180922,"washington","with_book"
"2016-10-14",5679435.19014072,5289766.54392075,3028713.90409509,"washington","with_book"
"2016-10-15",6529571.09368309,5751882.44634611,4117970.07123582,"washington","with_book"
"2016-10-16",6446614.40589175,5979493.01702825,3407879.19060435,"washington","with_book"
"2016-10-17",5781599.76122016,4844710.31716438,3754743.72996421,"washington","with_book"
"2016-10-18",6548976.73532054,5384357.67547438,3669956.34027988,"washington","with_book"
"2016-10-19",6185732.66582948,4934356.90606446,4074637.21097453,"washington","with_book"
"2016-10-20",6082188.90611529,5609124.9621482,4129242.83666918,"washington","with_book"
"2016-10-21",6639406.62852074,5622722.60128649,3745713.83569754,"washington","with_book"
"2016-10-22",6148339.3424926,5458009.2710796,4364357.1038247,"washington","with_book"
"2016-10-23",6716201.26382344,5615620.97477686,4522965.87064399,"washington","with_book"
"2016-10-24",6093688.50858706,5698362.13401871,3907022.07762927,"washington","with_book"
"2016-10-25",5703607.62901359,6025412.90209876,4141263.93627218,"washington","with_book"
"2016-10-26",5802392.6942912,5559355.93583852,4549746.67521789,"washington","with_book"
"2016-10-27",6966019.99535441,5403966.39597704,4312766.95439584,"washington","with_book"
"2016-10-28",6554705.28673914,5852102.5298348,5068373.08250823,"washington","with_book"
"2016-10-29",6858113.25975689,5608071.57067275,4900398.4577122,"washington","with_book"
"2016-10-30",6300235.24559237,5441356.47021411,5287601.33385365,"washington","with_book"
"2016-10-31",6090523.7696835,5307493.59777002,4452974.66042576,"washington","with_book"
"2016-11-01",6327362.57390978,5467271.49781199,3287866.0747695,"washington","with_book"
"2016-11-02",6486794.26316058,5309642.64997751,3516155.34199529,"washington","with_book"
"2016-11-03",6569902.14880973,5709378.73101856,3520354.01284433,"washington","with_book"
"2016-11-04",7188623.37322153,5853606.42972211,3433349.35203572,"washington","with_book"
"2016-11-05",6790434.34451352,6494302.08499315,4142130.07399358,"washington","with_book"
"2016-11-06",6574681.16801663,5635515.23847929,3678859.09177262,"washington","with_book"
"2016-11-07",6322104.6220496,5306343.38380236,3668416.79913412,"washington","with_book"
"2016-11-08",5445716.91213343,5533109.66792857,4671123.07253496,"washington","with_book"
"2016-11-09",4165269.79399977,4321000.99119021,5491430.96516307,"washington","with_book"
"2016-11-10",5771233.26512093,5773426.62662771,3978641.62953327,"washington","with_book"
"2016-11-11",5999028.92778678,5843356.78676237,4122741.47844789,"washington","with_book"
"2016-11-12",6929887.4368245,6548191.5239433,3650335.89180922,"washington","with_book"
"2016-11-13",5991691.19014072,6538790.54392075,3653225.90409509,"washington","with_book"
"2016-11-14",5374611.09368309,6002074.44634611,3119138.07123582,"washington","with_book"
"2016-11-15",6416550.40589175,5949429.01702825,3612007.19060435,"washington","with_book"
"2016-11-16",6406111.76122016,5859542.31716438,3286359.72996421,"washington","with_book"
"2016-11-17",7111424.73532054,5010037.67547438,3061444.34027988,"washington","with_book"
"2016-11-18",7358692.66582948,5638932.90606446,4076637.21097453,"washington","with_book"
"2016-11-19",7113020.90611529,6171572.9621482,3911050.83666918,"washington","with_book"
"2016-11-20",6727470.62852074,6023042.60128649,3521521.83569754,"washington","with_book"
"2016-11-21",7975811.3424926,5099689.2710796,2913141.1038247,"washington","with_book"
"2016-11-22",6576073.26382344,5553556.97477686,3133813.87064399,"washington","with_book"
"2016-11-23",6556072.50858706,5380106.13401871,2964254.07762927,"washington","with_book"
"2016-11-24",6446247.62901359,6065476.90209876,2776175.93627218,"washington","with_book"
"2016-11-25",6707160.6942912,5058971.93583852,2566146.67521789,"washington","with_book"
"2016-11-26",7270275.99535441,6410798.39597704,3602190.95439584,"washington","with_book"
"2016-11-27",6728833.28673914,6650742.5298348,3134773.08250823,"washington","with_book"
"2016-11-28",6501793.25975689,5798199.57067275,2826670.4577122,"washington","with_book"
"2016-11-29",7287003.24559237,5569420.47021411,2917617.33385365,"washington","with_book"
"2016-11-30",6719035.7696835,4999237.59777002,2895694.66042576,"washington","with_book"
"2016-12-01",6977874.57390978,5181015.49781199,3313866.0747695,"washington","with_book"
"2016-12-02",7976010.26316058,6018218.64997751,2897643.34199529,"washington","with_book"
"2016-12-03",7756862.14880973,6271826.73101856,3067970.01284433,"washington","with_book"
"2016-12-04",7300687.37322153,6590182.42972211,3857669.35203572,"washington","with_book"
"2016-12-05",6021794.34451352,5413406.08499315,2670914.07399358,"washington","with_book"
"2016-12-06",6973001.16801663,4940939.23847929,3374603.09177262,"washington","with_book"
"2016-12-07",6792488.6220496,5620599.38380236,3670416.79913412,"washington","with_book"
"2016-12-08",7179124.91213343,5236853.66792857,3125843.07253496,"washington","with_book"
"2016-12-09",6931509.79399977,5057576.99119021,2793190.96516307,"washington","with_book"
"2016-12-10",7258449.26512093,5777426.62662771,4138769.62953327,"washington","with_book"
"2016-12-11",7189988.92778678,7112380.78676237,3752421.47844789,"washington","with_book"
