date,users,clicks,views,location,product
2016-09-13,3515130,4850933,3123910,berlin,premium
2016-09-14,3197265,4681434,2966860,berlin,premium
2016-09-15,3431370,4448956,3673688,berlin,premium
2016-09-16,4369136,4214171,3828332,berlin,premium
2016-09-17,5077132,5935513,5470323,berlin,premium
2016-09-18,3112263,6006938,3121538,berlin,premium
2016-09-19,3123458,4448223,2729815,berlin,premium
2016-09-20,2733470,4836546,2575942,berlin,premium
2016-09-21,3436775,4293717,3275316,berlin,premium
2016-09-22,4052712,4923649,3283545,berlin,premium
2016-09-23,3910003,4917178,4683319,berlin,premium
2016-09-24,4298299,6244873,5546559,berlin,premium
2016-09-25,3275916,6173629,3586848,berlin,premium
2016-09-26,3440541,5305374,3437036,berlin,premium
2016-09-27,3355054,4369364,3121917,berlin,premium
2016-09-28,3122016,4605210,2728526,berlin,premium
2016-09-29,3665614,5147940,3581362,berlin,premium
2016-09-30,4292694,6009992,3982547,berlin,premium
2016-10-01,4139132,6322485,4765356,berlin,premium
2016-10-02,4287673,6940519,5151588,berlin,premium
2016-10-03,4063038,5461729,3668465,berlin,premium
2016-10-04,3751755,4921009,3122124,berlin,premium
2016-10-05,3439676,5929691,3509558,berlin,premium
2016-10-06,3347541,4925219,4056339,berlin,premium
2016-10-07,4611222,5779780,4057449,berlin,premium
2016-10-08,4763015,6323078,5309935,berlin,premium
2016-10-09,3978732,5627244,4843412,berlin,premium
2016-10-10,3671025,4373227,3045591,berlin,premium
2016-10-11,3667471,4294470,4216955,berlin,premium
2016-10-12,3981437,4216276,3822757,berlin,premium
2016-10-13,3905450,4538677,3358102,berlin,premium
2016-10-14,3821777,4525306,3513308,berlin,premium
2016-10-15,4290074,5307660,6171736,berlin,premium
2016-10-16,3666560,5463195,3984460,berlin,premium
2016-10-17,2969404,3827785,4143235,berlin,premium
2016-10-18,3346455,5226298,3902178,berlin,premium
2016-10-19,3513778,4604351,3822711,berlin,premium
2016-10-20,3904430,4446226,3668838,berlin,premium
2016-10-21,4529671,4996293,6085620,berlin,premium
2016-10-22,4208840,5860417,6484169,berlin,premium
2016-10-23,5159027,4448794,4995575,berlin,premium
2016-10-24,3283467,5073913,4297535,berlin,premium
2016-10-25,3119788,4300093,4367488,berlin,premium
2016-10-26,3830861,5305374,4373804,berlin,premium
2016-10-27,3667310,5150004,4214813,berlin,premium
2016-10-28,4058784,5932298,5929150,berlin,premium
2016-10-29,3431422,5382132,7796818,berlin,premium
2016-10-30,4604950,4995160,5856083,berlin,premium
2016-10-31,4217196,4136693,5389868,berlin,premium
2016-11-01,4131545,3661831,3902564,berlin,premium
2016-11-02,3672718,4915281,3512337,berlin,premium
2016-11-03,3439499,4452625,3278252,berlin,premium
2016-11-04,4064188,4134219,4290198,berlin,premium
2016-11-05,4752693,5705859,5929875,berlin,premium
2016-11-06,3518326,5857844,3901321,berlin,premium
2016-11-07,3357863,4761798,3202207,berlin,premium
2016-11-08,3900668,4065964,3126004,berlin,premium
2016-11-09,3202641,3826779,2889463,berlin,premium
2016-11-10,3511343,4450598,3124059,berlin,premium
2016-11-11,3825309,5621428,3822757,berlin,premium
2016-11-12,4139642,5631573,4763254,berlin,premium
2016-11-13,4602417,5149818,3903628,berlin,premium
2016-11-14,4524266,4995404,3049176,berlin,premium
2016-11-15,4213008,4292235,3359948,berlin,premium
2016-11-16,3750044,4296169,3284531,berlin,premium
2016-11-17,3268391,4679850,3277666,berlin,premium
2016-11-18,3904098,4916607,4213031,berlin,premium
2016-11-19,4607006,6007506,4995926,berlin,premium
2016-11-20,3905159,4996293,3353380,berlin,premium
2016-11-21,5067544,4533329,2737097,berlin,premium
2016-11-22,3831939,4448794,2887847,berlin,premium
2016-11-23,3517659,4137145,2814319,berlin,premium
2016-11-24,3666236,4456221,3040400,berlin,premium
2016-11-25,4221181,4915054,3671228,berlin,premium
2016-11-26,4447950,4915812,4917389,berlin,premium
2016-11-27,4136848,4292954,3353038,berlin,premium
2016-11-28,2963038,4523428,3503298,berlin,premium
2016-11-29,2965606,4526776,2577395,berlin,premium
2016-11-30,3280428,4683141,3047948,berlin,premium
2016-12-01,3038649,4988919,2809668,berlin,premium
2016-12-02,3984974,4759153,3590401,berlin,premium
2016-12-03,4454331,4921009,4215020,berlin,premium
2016-12-04,4688700,5227115,3977942,berlin,premium
2016-12-05,3503669,4300707,2416995,berlin,premium
2016-12-06,3128006,4374628,3120681,berlin,premium
2016-12-07,3201735,4605670,2265439,berlin,premium
2016-12-08,3198092,5080796,3126004,berlin,premium
2016-12-09,4217473,4997739,3670103,berlin,premium
2016-12-10,4291983,5387366,5465979,berlin,premium
2016-12-11,4059501,6480132,3588565,berlin,premium
2016-09-13,1251274,1962565,391670,france,premium
2016-09-14,1479857,2027258,390748,france,premium
2016-09-15,1401706,2185100,395000,france,premium
2016-09-16,1636896,2028379,471580,france,premium
2016-09-17,2110700,2656825,552291,france,premium
2016-09-18,1629047,2650186,623490,france,premium
2016-09-19,1406050,1872111,465959,france,premium
2016-09-20,1406382,1870114,390150,france,premium
2016-09-21,1407111,2107925,465012,france,premium
2016-09-22,1398536,1957217,395177,france,premium
2016-09-23,1490019,2184938,467863,france,premium
2016-09-24,1956379,2731993,550463,france,premium
2016-09-25,1714636,2582685,542352,france,premium
2016-09-26,1567005,1870558,470604,france,premium
2016-09-27,1403454,1871316,389677,france,premium
2016-09-28,1560736,1951034,386606,france,premium
2016-09-29,1479822,1869252,458802,france,premium
2016-09-30,1638518,2028728,469667,france,premium
2016-10-01,2109468,2575413,549900,france,premium
2016-10-02,1867689,2412807,545812,france,premium
2016-10-03,1330798,1714657,389777,france,premium
2016-10-04,1331771,1954577,467948,france,premium
2016-10-05,1488076,1792299,465062,france,premium
2016-10-06,1395941,1880723,387331,france,premium
2016-10-07,1566726,2032708,544569,france,premium
2016-10-08,2030775,2654070,548031,france,premium
2016-10-09,1792940,2660812,549892,france,premium
2016-10-10,1407169,1875179,391415,france,premium
2016-10-11,1325551,1874486,469883,france,premium
2016-10-12,1405325,2030484,544069,france,premium
2016-10-13,1485466,1962565,469734,france,premium
2016-10-14,1557921,2027258,468812,france,premium
2016-10-15,2260410,2575420,551128,france,premium
2016-10-16,1949152,2652891,549644,france,premium
2016-10-17,1486188,2032313,474227,france,premium
2016-10-18,1472919,2025674,467362,france,premium
2016-10-19,1484114,1950175,465959,france,premium
2016-10-20,1718638,2104306,468214,france,premium
2016-10-21,1875495,2264053,543076,france,premium
2016-10-22,1944984,2503665,629369,france,premium
2016-10-23,1958403,2653322,702055,france,premium
2016-10-24,1566059,2107481,628527,france,premium
2016-10-25,1558508,2192365,464288,france,premium
2016-10-26,1645069,2182814,548668,france,premium
2016-10-27,1559582,2183572,545805,france,premium
2016-10-28,1951056,2029098,620798,france,premium
2016-10-29,2182398,2415700,771058,france,premium
2016-10-30,1794646,2419048,938051,france,premium
2016-10-31,1719148,2028965,862156,france,premium
2016-11-01,1867689,2334743,701940,france,premium
2016-11-02,1408862,1948849,702033,france,premium
2016-11-03,1409835,1720385,858268,france,premium
2016-11-04,1722268,2104555,855382,france,premium
2016-11-05,2098517,2427171,1011843,france,premium
2016-11-06,2035110,2501092,1012953,france,premium
2016-11-07,1562391,1951494,626095,france,premium
2016-11-08,1480684,1880172,706020,france,premium
2016-11-09,1407169,1797115,625607,france,premium
2016-11-10,1950063,2030614,704075,france,premium
2016-11-11,2732413,2811124,778261,france,premium
2016-11-12,7028010,2665141,938118,france,premium
2016-11-13,7803041,2495642,937196,france,premium
2016-11-14,2650730,1950908,707256,france,premium
2016-11-15,1949152,1950315,705772,france,premium
2016-11-16,1642316,2110377,708419,france,premium
2016-11-17,1629047,2025674,701554,france,premium
2016-11-18,1796370,2262431,700151,france,premium
2016-11-19,2187022,2650754,936598,france,premium
2016-11-20,1953559,2498245,855332,france,premium
2016-11-21,1632728,1957217,707433,france,premium
2016-11-22,1568083,1950746,623991,france,premium
2016-11-23,1644123,2029417,628527,france,premium
2016-11-24,1480444,2036237,542352,france,premium
2016-11-25,1645069,2026686,704796,france,premium
2016-11-26,2106030,2573892,858061,france,premium
2016-11-27,1872992,2653610,854990,france,premium
2016-11-28,1323694,2025380,927186,france,premium
2016-11-29,1404326,1950664,1094179,france,premium
2016-11-30,1563020,1950901,2033116,france,premium
2016-12-01,1477369,1866359,2341284,france,premium
2016-12-02,1799182,2183041,2107185,france,premium
2016-12-03,2034347,2579089,2107292,france,premium
2016-12-04,1956460,2494875,1636022,france,premium
2016-12-05,1395941,1880723,1089907,france,premium
2016-12-06,1410598,1954644,856825,france,premium
2016-12-07,1562391,2029558,782223,france,premium
2016-12-08,1792940,2036300,784084,france,premium
2016-12-09,1797489,2031307,781735,france,premium
2016-12-10,1950063,2733190,938267,france,premium
2016-12-11,1873709,2811124,934389,france,premium
2016-09-13,4608026,4616741,3123910,newyork,premium
2016-09-14,4680481,4525306,2810732,newyork,premium
2016-09-15,4680394,4605084,2893048,newyork,premium
2016-09-16,4681392,4526427,3281884,newyork,premium
2016-09-17,5077132,5623257,3440659,newyork,premium
2016-09-18,4907735,5226298,3667986,newyork,premium
2016-09-19,4294418,4370159,2964007,newyork,premium
2016-09-20,4450878,4680418,2888198,newyork,premium
2016-09-21,4529671,4449845,3197252,newyork,premium
2016-09-22,4521096,4689457,2815161,newyork,premium
2016-09-23,4534515,4682986,3122039,newyork,premium
2016-09-24,5157003,5620361,3751087,newyork,premium
2016-09-25,4603004,5392989,3664912,newyork,premium
2016-09-26,4299245,4446670,3124780,newyork,premium
2016-09-27,4135694,4291300,3278045,newyork,premium
2016-09-28,4527168,4605210,3118846,newyork,premium
2016-09-29,4524318,4211172,2878786,newyork,premium
2016-09-30,4448822,4604840,3045779,newyork,premium
2016-10-01,4685580,5541845,4140844,newyork,premium
2016-10-02,4599929,5457303,3902564,newyork,premium
2016-10-03,4141102,4915281,3434273,newyork,premium
2016-10-04,4220139,4608753,3512444,newyork,premium
2016-10-05,4298380,4134219,3197302,newyork,premium
2016-10-06,4284309,4300707,3041507,newyork,premium
2016-10-07,4455094,4530756,3198745,newyork,premium
2016-10-08,4684951,5308246,4295103,newyork,premium
2016-10-09,4447116,5393052,4375028,newyork,premium
2016-10-10,3827153,4529355,3670103,newyork,premium
2016-10-11,4213919,5231238,3826635,newyork,premium
2016-10-12,4371757,4918852,3822757,newyork,premium
2016-10-13,4608026,4694805,3748422,newyork,premium
2016-10-14,4602417,4525306,3825564,newyork,premium
2016-10-15,4836522,5619916,4298200,newyork,premium
2016-10-16,4369136,5229003,4140588,newyork,premium
2016-10-17,4140364,4452297,3830979,newyork,premium
2016-10-18,4283223,4757914,3824114,newyork,premium
2016-10-19,4216354,4448223,3900775,newyork,premium
2016-10-20,4216686,4290098,3903030,newyork,premium
2016-10-21,4529671,4605973,4368212,newyork,premium
2016-10-22,4833352,5626225,4922889,newyork,premium
2016-10-23,4534515,5463626,5073639,newyork,premium
2016-10-24,4298299,5151977,4687855,newyork,premium
2016-10-25,4368812,4924605,4913936,newyork,premium
2016-10-26,4377309,4758926,4920252,newyork,premium
2016-10-27,4369886,4525492,5307709,newyork,premium
2016-10-28,4605232,4136826,5773022,newyork,premium
2016-10-29,4758510,5382132,7796818,newyork,premium
2016-10-30,4448822,5775800,6012211,newyork,premium
2016-10-31,4373324,4370885,4375036,newyork,premium
2016-11-01,4521865,4754727,3356116,newyork,premium
2016-11-02,4531422,4603025,3122017,newyork,premium
2016-11-03,4844651,4608753,2965996,newyork,premium
2016-11-04,4688700,5070987,3197302,newyork,premium
2016-11-05,4986885,5627795,3509891,newyork,premium
2016-11-06,4533158,5311396,3276809,newyork,premium
2016-11-07,4294631,4605670,3670591,newyork,premium
2016-11-08,3822604,4690476,4921476,newyork,premium
2016-11-09,2968449,3592587,3982359,newyork,premium
2016-11-10,3979727,4606726,3280187,newyork,premium
2016-11-11,4293693,5387236,3276309,newyork,premium
2016-11-12,4764154,5475445,3358102,newyork,premium
2016-11-13,4368225,5462074,3357180,newyork,premium
2016-11-14,4212010,5073468,2971112,newyork,premium
2016-11-15,4291072,5072875,3203820,newyork,premium
2016-11-16,4530684,4920681,3206467,newyork,premium
2016-11-17,4361287,4601786,2887346,newyork,premium
2016-11-18,4762802,4994671,3120135,newyork,premium
2016-11-19,5153454,5539122,3356582,newyork,premium
2016-11-20,5154183,5698869,3119188,newyork,premium
2016-11-21,5535928,4767521,2893225,newyork,premium
2016-11-22,4846771,4839114,2653655,newyork,premium
2016-11-23,4610555,4761657,2580127,newyork,premium
2016-11-24,4759132,5783309,2493952,newyork,premium
2016-11-25,4455373,4915054,2500268,newyork,premium
2016-11-26,4604078,5306132,2887725,newyork,premium
2016-11-27,4761360,5463914,2962718,newyork,premium
2016-11-28,4212062,4445364,2488466,newyork,premium
2016-11-29,4683014,4839032,2733523,newyork,premium
2016-11-30,4607516,4761205,2735692,newyork,premium
2016-12-01,4756057,4754727,2887732,newyork,premium
2016-12-02,5077870,5071409,3122017,newyork,premium
2016-12-03,5625291,5545521,3434380,newyork,premium
2016-12-04,5391276,5695499,3353430,newyork,premium
2016-12-05,4830757,4691027,2963443,newyork,premium
2016-12-06,4767350,4921076,3042617,newyork,premium
2016-12-07,4763015,4839862,2968015,newyork,premium
2016-12-08,4759372,4690476,3204068,newyork,premium
2016-12-09,5076177,4841611,3201719,newyork,premium
2016-12-10,5072623,5153174,3514379,newyork,premium
2016-12-11,5464653,5855620,3198245,newyork,premium
2016-09-13,2500298,4850933,1250374,spain,premium
2016-09-14,2650817,5071754,1249452,spain,premium
2016-09-15,2884922,5229596,1175640,spain,premium
2016-09-16,2963984,5385131,1486412,spain,premium
2016-09-17,3359724,6403897,1489059,spain,premium
2016-09-18,3034199,5850810,1638322,spain,premium
2016-09-19,2655074,4838543,1246599,spain,premium
2016-09-20,2421214,4680418,1326918,spain,premium
2016-09-21,2578071,5152421,1167588,spain,premium
2016-09-22,2569496,5079777,1331945,spain,premium
2016-09-23,2582915,5619754,1326567,spain,premium
2016-09-24,2971211,6322937,1721423,spain,premium
2016-09-25,2807532,6095565,1635248,spain,premium
2016-09-26,2503773,5305374,1251244,spain,premium
2016-09-27,2496350,4603556,1248381,spain,premium
2016-09-28,2809760,4527146,1401438,spain,premium
2016-09-29,2728846,4835684,1395570,spain,premium
2016-09-30,2731414,4839032,1718691,spain,premium
2016-10-01,2968172,5463781,1798924,spain,premium
2016-10-02,2726393,5691495,1950964,spain,premium
2016-10-03,2501758,4290769,1872993,spain,premium
2016-10-04,2658859,4608753,1482780,spain,premium
2016-10-05,2424844,4524539,1245702,spain,premium
2016-10-06,2879157,4769091,1402163,spain,premium
2016-10-07,2815750,4999140,1559401,spain,premium
2016-10-08,2889479,6557270,1718991,spain,premium
2016-10-09,2807772,6329820,1564724,spain,premium
2016-10-10,2734257,4607419,1406247,spain,premium
2016-10-11,2886831,4606726,1484715,spain,premium
2016-10-12,2966605,5699492,1793093,spain,premium
2016-10-13,2890618,4616741,1406502,spain,premium
2016-10-14,3041137,5149818,1561708,spain,premium
2016-10-15,3665562,7259260,1878216,spain,premium
2016-10-16,2885920,6243835,1798668,spain,premium
2016-10-17,2657148,4530361,1489059,spain,premium
2016-10-18,2721943,4523722,1248002,spain,premium
2016-10-19,2498946,4760479,1480791,spain,premium
2016-10-20,2655406,4446226,1639174,spain,premium
2016-10-21,2656135,5386613,1635972,spain,premium
2016-10-22,2959816,6094609,1878393,spain,premium
2016-10-23,2817107,5619754,1404631,spain,premium
2016-10-24,2346699,4449401,1409167,spain,premium
2016-10-25,2417212,4768477,1713312,spain,premium
2016-10-26,2503773,5227310,1797692,spain,premium
2016-10-27,2574414,5306132,1716765,spain,premium
2016-10-28,2731696,5385850,1791758,spain,premium
2016-10-29,2806910,6162772,1942018,spain,premium
2016-10-30,2731414,6009992,2030947,spain,premium
2016-10-31,2655916,5463781,2111180,spain,premium
2016-11-01,2726393,6784391,1638708,spain,premium
2016-11-02,2423694,5539793,1248481,spain,premium
2016-11-03,2814987,5077137,1170524,spain,premium
2016-11-04,2502908,5461307,1401830,spain,premium
2016-11-05,3113349,6174243,1558291,spain,premium
2016-11-06,2815750,5857844,1481337,spain,premium
2016-11-07,2421095,4995990,1250607,spain,premium
2016-11-08,2495516,5080796,1408596,spain,premium
2016-11-09,2265873,5231931,1406247,spain,premium
2016-11-10,2730703,5309302,1250523,spain,premium
2016-11-11,2888541,6480132,1636965,spain,premium
2016-11-12,2890618,6724469,1718758,spain,premium
2016-11-13,3119201,6008522,1483644,spain,premium
2016-11-14,2572666,5073468,1253704,spain,premium
2016-11-15,2651728,5072875,1330284,spain,premium
2016-11-16,2579084,4920681,1176803,spain,premium
2016-11-17,2721943,4992106,1326066,spain,premium
2016-11-18,3201522,5384991,1480791,spain,premium
2016-11-19,2811534,6007506,1795302,spain,premium
2016-11-20,3280647,6323381,1479844,spain,premium
2016-11-21,3194008,5001713,1410009,spain,premium
2016-11-22,2973235,5151370,1248503,spain,premium
2016-11-23,2737019,4683593,1174975,spain,premium
2016-11-24,2573340,5471053,1166864,spain,premium
2016-11-25,2737965,5149246,1407372,spain,premium
2016-11-26,2730542,5852580,1482573,spain,premium
2016-11-27,2575568,6166490,1713694,spain,premium
2016-11-28,2572718,4835684,1395570,spain,premium
2016-11-29,2731414,4682904,1250307,spain,premium
2016-11-30,2577852,5151525,1252476,spain,premium
2016-12-01,3585097,5379239,1248388,spain,premium
2016-12-02,4063038,5227537,1638801,spain,premium
2016-12-03,3127243,5779713,1560844,spain,premium
2016-12-04,2893228,6241947,1714086,spain,premium
2016-12-05,2723029,7813587,1558291,spain,premium
2016-12-06,3752518,6013972,1481337,spain,premium
2016-12-07,3045607,5542438,1718991,spain,premium
2016-12-08,3432284,6251756,1564724,spain,premium
2016-12-09,3671025,5388059,1640439,spain,premium
2016-12-10,2964895,5855750,1875035,spain,premium
2016-12-11,3044669,5933684,1402773,spain,premium
2016-09-13,6247370,5709637,3201974,washington,premium
2016-09-14,6944337,5540138,3357180,washington,premium
2016-09-15,6163610,5073468,2736920,washington,premium
2016-09-16,6711056,5463195,3203820,washington,premium
2016-09-17,7106796,6560025,3440659,washington,premium
2016-09-18,6469015,5928874,2887346,washington,premium
2016-09-19,6011826,5697247,3042071,washington,premium
2016-09-20,6246350,5461058,2654006,washington,premium
2016-09-21,6403207,5776933,3119188,washington,premium
2016-09-22,6238504,5704289,2737097,washington,premium
2016-09-23,6251923,5307498,3043975,washington,premium
2016-09-24,6406027,6401001,2970447,washington,premium
2016-09-25,6476540,6329757,3430720,washington,premium
2016-09-26,5470205,5461502,2734460,washington,premium
2016-09-27,5228590,5228068,2965789,washington,premium
2016-09-28,5776192,5307786,2806590,washington,premium
2016-09-29,5304958,4835684,2956850,washington,premium
2016-09-30,6322358,5073224,3123843,washington,premium
2016-10-01,5778476,5619909,3438268,washington,premium
2016-10-02,6083145,5613431,2887732,washington,premium
2016-10-03,6014638,5461729,2653633,washington,premium
2016-10-04,6249803,5311329,3122124,washington,premium
2016-10-05,6093852,4992923,3197302,washington,premium
2016-10-06,5611397,4925219,3119571,washington,premium
2016-10-07,6250566,5623652,2652297,washington,premium
2016-10-08,7104935,5776630,3826719,washington,premium
2016-10-09,6242588,5158860,3360196,washington,premium
2016-10-10,6012945,4685483,3201719,washington,premium
2016-10-11,5697135,5855750,3358251,washington,premium
2016-10-12,6557549,5074980,3276309,washington,premium
2016-10-13,6091242,4616741,2967782,washington,premium
2016-10-14,5539185,5149818,2888796,washington,premium
2016-10-15,6397802,5619916,3985944,washington,premium
2016-10-16,6320736,5853515,3281884,washington,premium
2016-10-17,5623580,4686489,3596787,washington,premium
2016-10-18,6390951,5226298,3511858,washington,premium
2016-10-19,6011826,4760479,3900775,washington,premium
2016-10-20,5934094,5461058,3981094,washington,premium
2016-10-21,6481271,5464677,3587572,washington,premium
2016-10-22,6004312,5313969,4220313,washington,premium
2016-10-23,6564179,5463626,4371063,washington,premium
2016-10-24,5937643,5542297,3751087,washington,premium
2016-10-25,5539772,5861373,3977168,washington,premium
2016-10-26,5626333,5383438,4373804,washington,premium
2016-10-27,6789870,5228068,4136749,washington,premium
2016-10-28,6400704,5698106,4914318,washington,premium
2016-10-29,6710110,5460196,4752322,washington,premium
2016-10-30,6166230,5307416,5153507,washington,premium
2016-10-31,5934604,5151525,4296972,washington,premium
2016-11-01,6161209,5301175,3121924,washington,premium
2016-11-02,6326894,5149473,3356209,washington,premium
2016-11-03,6405931,5545521,3356316,washington,premium
2016-11-04,7030620,5695499,3275366,washington,premium
2016-11-05,6626229,6330371,3978275,washington,premium
2016-11-06,6406694,5467524,3511001,washington,premium
2016-11-07,6168167,5152118,3514463,washington,premium
2016-11-08,5305820,5393052,4531156,washington,premium
2016-11-09,4061345,4217099,5387511,washington,premium
2016-11-10,5619071,5621558,3826635,washington,premium
2016-11-11,5854973,5699492,3978885,washington,premium
2016-11-12,6793818,6412213,3514230,washington,premium
2016-11-13,5851441,6398842,3513308,washington,premium
2016-11-14,5226842,5854108,2971112,washington,premium
2016-11-15,6242672,5775451,3438012,washington,premium
2016-11-16,6248092,5701321,3128403,washington,premium
2016-11-17,6937399,4835978,2887346,washington,premium
2016-11-18,7182786,5463055,3900775,washington,premium
2016-11-19,6948926,6007506,3746902,washington,premium
2016-11-20,6559335,5854997,3353380,washington,premium
2016-11-21,7799784,4923649,2737097,washington,premium
2016-11-22,6408051,5385562,2965911,washington,premium
2016-11-23,6406027,5230041,2814319,washington,premium
2016-11-24,6320412,5939437,2650080,washington,premium
2016-11-25,6563101,4915054,2422204,washington,premium
2016-11-26,7102126,6242900,3434173,washington,premium
2016-11-27,6556832,6478746,2962718,washington,premium
2016-11-28,6319790,5616324,2644594,washington,premium
2016-11-29,7102998,5385480,2733523,washington,premium
2016-11-30,6559116,4839269,2735692,washington,premium
2016-12-01,6785721,4988919,3121924,washington,premium
2016-12-02,7810110,5852049,2731697,washington,premium
2016-12-03,7576891,6091969,2887932,washington,premium
2016-12-04,7108684,6398075,3665686,washington,premium
2016-12-05,5845589,5237475,2495059,washington,premium
2016-12-06,6797014,4764948,3198745,washington,premium
2016-12-07,6636551,5464374,3514463,washington,premium
2016-12-08,7023228,5080796,2969876,washington,premium
2016-12-09,6793585,4919675,2655271,washington,premium
2016-12-10,7102287,5621558,3982763,washington,premium
2016-12-11,7025933,6948516,3588565,washington,premium
2016-09-13,3563199,4898912,3172016,berlin,regular
2016-09-14,3249515,4733383,3018778,berlin,regular
2016-09-15,3489139,4506922,3731714,berlin,regular
2016-09-16,4407014,4252149,3866327,berlin,regular
2016-09-17,5133152,5991734,5526280,berlin,regular
2016-09-18,3146289,6040998,3155636,berlin,regular
2016-09-19,3167365,4492101,2773677,berlin,regular
2016-09-20,2773565,4876613,2616091,berlin,regular
2016-09-21,3484911,4341763,3323458,berlin,regular
2016-09-22,4090739,4961689,3321589,berlin,regular
2016-09-23,3954025,4961173,4727222,berlin,regular
2016-09-24,4348345,6294938,5596494,berlin,regular
2016-09-25,3325752,6223669,3636944,berlin,regular
2016-09-26,3478601,5343292,3474979,berlin,regular
2016-09-27,3405204,4419262,3171935,berlin,regular
2016-09-28,3172017,4655207,2778581,berlin,regular
2016-09-29,3699617,5181816,3615438,berlin,regular
2016-09-30,4338699,6055932,4028641,berlin,regular
2016-10-01,4185052,6368454,4811359,berlin,regular
2016-10-02,4329827,6982615,5193530,berlin,regular
2016-10-03,4108938,5507899,3714411,berlin,regular
2016-10-04,3805726,4974867,3176162,berlin,regular
2016-10-05,3489679,5979798,3559541,berlin,regular
2016-10-06,3397746,4975150,4106194,berlin,regular
2016-10-07,4663209,5831771,4109307,berlin,regular
2016-10-08,4814953,6375303,5361889,berlin,regular
2016-10-09,4032629,5681302,4897379,berlin,regular
2016-10-10,3718950,4421129,3093511,berlin,regular
2016-10-11,3721633,4348339,4270962,berlin,regular
2016-10-12,4017493,4252141,3858613,berlin,regular
2016-10-13,3959519,4592656,3412208,berlin,regular
2016-10-14,3868027,4571255,3559226,berlin,regular
2016-10-15,4345843,5363626,6227762,berlin,regular
2016-10-16,3746438,5543173,4064455,berlin,regular
2016-10-17,3021424,3880006,4195192,berlin,regular
2016-10-18,3390481,5270358,3946276,berlin,regular
2016-10-19,3565685,4656229,3874573,berlin,regular
2016-10-20,3956525,4498293,3720987,berlin,regular
2016-10-21,4577807,5044339,6133762,berlin,regular
2016-10-22,4256867,5908457,6532213,berlin,regular
2016-10-23,5227049,4516789,5063478,berlin,regular
2016-10-24,3331513,5121978,4345470,berlin,regular
2016-10-25,3161624,4342133,4409584,berlin,regular
2016-10-26,3890921,5365292,4433747,berlin,regular
2016-10-27,3733460,5215902,4280831,berlin,regular
2016-10-28,4122785,5996295,5993205,berlin,regular
2016-10-29,3489425,5440008,7854894,berlin,regular
2016-10-30,4664955,5055100,5916177,berlin,regular
2016-10-31,4261116,4180662,5433871,berlin,regular
2016-11-01,4187699,3717927,3958506,berlin,regular
2016-11-02,3736618,4979451,3576283,berlin,regular
2016-11-03,3499470,4512483,3338290,berlin,regular
2016-11-04,4110191,4180326,4336181,berlin,regular
2016-11-05,4802898,5755790,5979730,berlin,regular
2016-11-06,3572313,5911835,3955179,berlin,regular
2016-11-07,3401801,4806023,3246161,berlin,regular
2016-11-08,3948565,4114022,3173971,berlin,regular
2016-11-09,3240566,3864681,2927383,berlin,regular
2016-11-10,3553505,4492467,3166066,berlin,regular
2016-11-11,3883365,5679293,3880613,berlin,regular
2016-11-12,4191711,5683552,4815360,berlin,regular
2016-11-13,4650667,5197767,3951546,berlin,regular
2016-11-14,4566035,5037370,3091202,berlin,regular
2016-11-15,4258886,4338213,3405943,berlin,regular
2016-11-16,3816064,4362390,3350488,berlin,regular
2016-11-17,3338417,4749910,3347764,berlin,regular
2016-11-18,3958005,4970485,4266893,berlin,regular
2016-11-19,4671101,6071573,5060075,berlin,regular
2016-11-20,3965295,5056339,3413522,berlin,regular
2016-11-21,5113571,4579369,2783141,berlin,regular
2016-11-22,3883961,4500789,2939750,berlin,regular
2016-11-23,3559705,4179210,2856254,berlin,regular
2016-11-24,3716072,4506261,3090496,berlin,regular
2016-11-25,4281241,4974972,3731171,berlin,regular
2016-11-26,4502100,4969710,4971407,berlin,regular
2016-11-27,4194849,4350951,3411093,berlin,regular
2016-11-28,3013041,4573304,3553374,berlin,regular
2016-11-29,3021611,4582716,2633489,berlin,regular
2016-11-30,3340348,4743110,3107951,berlin,regular
2016-12-01,3094803,5045015,2865610,berlin,regular
2016-12-02,4036874,4811323,3642347,berlin,regular
2016-12-03,4502302,4968867,4263058,berlin,regular
2016-12-04,4740703,5279222,4029925,berlin,regular
2016-12-05,3555874,4352638,2468850,berlin,regular
2016-12-06,3181993,4428619,3174539,berlin,regular
2016-12-07,3241673,4645895,2305393,berlin,regular
2016-12-08,3255989,5138854,3183971,berlin,regular
2016-12-09,4255398,5035641,3708023,berlin,regular
2016-12-10,4340145,5435235,5513986,berlin,regular
2016-12-11,4117557,6537997,3646421,berlin,regular
2016-09-13,1275343,1986544,415776,france,regular
2016-09-14,1504107,2051207,414666,france,regular
2016-09-15,1425475,2209066,419026,france,regular
2016-09-16,1662774,2054357,497575,france,regular
2016-09-17,2136720,2683046,578248,france,regular
2016-09-18,1655073,2676246,649588,france,regular
2016-09-19,1431957,1897989,491821,france,regular
2016-09-20,1432477,1896181,416299,france,regular
2016-09-21,1431247,2131971,489154,france,regular
2016-09-22,1422563,1981257,419221,france,regular
2016-09-23,1516041,2210933,493766,france,regular
2016-09-24,1982425,2758058,576398,france,regular
2016-09-25,1740472,2608725,568448,france,regular
2016-09-26,1593065,1896476,496547,france,regular
2016-09-27,1427604,1895214,413695,france,regular
2016-09-28,1586737,1977031,412661,france,regular
2016-09-29,1505825,1895128,484878,france,regular
2016-09-30,1662523,2052668,493761,france,regular
2016-10-01,2135388,2601382,575903,france,regular
2016-10-02,1893843,2438903,571754,france,regular
2016-10-03,1356698,1740827,415723,france,regular
2016-10-04,1355742,1978435,491986,france,regular
2016-10-05,1512079,1816406,489045,france,regular
2016-10-06,1420146,1904654,411186,france,regular
2016-10-07,1592713,2058699,570427,france,regular
2016-10-08,2056713,2680295,573985,france,regular
2016-10-09,1818837,2686870,575859,france,regular
2016-10-10,1433094,1901081,417335,france,regular
2016-10-11,1351713,1900355,495890,france,regular
2016-10-12,1429381,2054349,567925,france,regular
2016-10-13,1511535,1988544,495840,france,regular
2016-10-14,1582171,2051207,492730,france,regular
2016-10-15,2284179,2599386,575154,france,regular
2016-10-16,2001030,2704869,601639,france,regular
2016-10-17,1512208,2058534,500184,france,regular
2016-10-18,1498945,2051734,493460,france,regular
2016-10-19,1508021,1974053,489821,france,regular
2016-10-20,1742733,2128373,492363,france,regular
2016-10-21,1903631,2292099,571218,france,regular
2016-10-22,1971011,2529705,655413,france,regular
2016-10-23,1984425,2679317,727958,france,regular
2016-10-24,1592105,2133546,654462,france,regular
2016-10-25,1582344,2216405,488384,france,regular
2016-10-26,1669129,2206732,572611,france,regular
2016-10-27,1587732,2211470,573823,france,regular
2016-10-28,1983057,2061095,652853,france,regular
2016-10-29,2210401,2443576,799134,france,regular
2016-10-30,1822651,2446988,966145,france,regular
2016-10-31,1747068,2056934,890159,france,regular
2016-11-01,1893843,2360839,727882,france,regular
2016-11-02,1434762,1975019,727979,france,regular
2016-11-03,1437806,1748243,886306,france,regular
2016-11-04,1748271,2130662,881365,france,regular
2016-11-05,2124722,2453102,1037698,france,regular
2016-11-06,2059097,2525083,1036811,france,regular
2016-11-07,1588329,1977719,652049,france,regular
2016-11-08,1504581,1904230,729987,france,regular
2016-11-09,1429094,1819017,647527,france,regular
2016-11-10,1974225,2054483,728082,france,regular
2016-11-11,2758469,2836989,804117,france,regular
2016-11-12,7054079,2691120,964224,france,regular
2016-11-13,7831291,2523591,965114,france,regular
2016-11-14,2676499,1976874,733282,france,regular
2016-11-15,1975030,1976293,731767,france,regular
2016-11-16,1668336,2136598,734376,france,regular
2016-11-17,1653073,2049734,725652,france,regular
2016-11-18,1820277,2286309,724013,france,regular
2016-11-19,2213117,2676821,962747,france,regular
2016-11-20,1979695,2524291,881474,france,regular
2016-11-21,1656755,1981257,731477,france,regular
2016-11-22,1594105,1976741,649894,france,regular
2016-11-23,1668169,2053482,652462,france,regular
2016-11-24,1508280,2064277,570448,france,regular
2016-11-25,1673129,2054604,732739,france,regular
2016-11-26,2132180,2599790,884079,france,regular
2016-11-27,1900993,2681607,883045,france,regular
2016-11-28,1349697,2051256,953262,france,regular
2016-11-29,1430331,1976604,1120273,france,regular
2016-11-30,1590940,1978870,2061119,france,regular
2016-12-01,1503523,1892455,2367226,france,regular
2016-12-02,1825082,2209211,2133131,france,regular
2016-12-03,2060318,2604947,2133330,france,regular
2016-12-04,1982463,2520982,1662005,france,regular
2016-12-05,1420146,1904654,1113762,france,regular
2016-12-06,1436585,1980635,882683,france,regular
2016-12-07,1588329,2055783,808177,france,regular
2016-12-08,1818837,2062358,810051,france,regular
2016-12-09,1821414,2055209,805655,france,regular
2016-12-10,1974225,2757059,962274,france,regular
2016-12-11,1899765,2836989,960245,france,regular
2016-09-13,4738095,4746720,3254016,newyork,regular
2016-09-14,4812731,4657255,2942650,newyork,regular
2016-09-15,4814163,4739050,3027074,newyork,regular
2016-09-16,4799270,4644405,3399879,newyork,regular
2016-09-17,5191152,5737478,3554616,newyork,regular
2016-09-18,5027761,5346358,3788084,newyork,regular
2016-09-19,4416325,4492037,3085869,newyork,regular
2016-09-20,4574973,4804485,3012347,newyork,regular
2016-09-21,4647807,4567891,3315394,newyork,regular
2016-09-22,4637123,4805497,2931205,newyork,regular
2016-09-23,4646537,4794981,3233942,newyork,regular
2016-09-24,5263049,5726426,3857022,newyork,regular
2016-09-25,4712840,5503029,3775008,newyork,regular
2016-09-26,4413305,4560588,3238723,newyork,regular
2016-09-27,4247844,4403198,3390063,newyork,regular
2016-09-28,4649169,4727207,3240901,newyork,regular
2016-09-29,4638321,4325048,2992862,newyork,regular
2016-09-30,4556827,4712780,3153873,newyork,regular
2016-10-01,4783500,5639814,4238847,newyork,regular
2016-10-02,4696083,5553399,3998506,newyork,regular
2016-10-03,4245002,5019451,3538219,newyork,regular
2016-10-04,4332110,4720611,3624482,newyork,regular
2016-10-05,4408383,4244326,3307285,newyork,regular
2016-10-06,4398514,4414638,3155362,newyork,regular
2016-10-07,4559081,4634747,3302603,newyork,regular
2016-10-08,4782889,5406471,4393057,newyork,regular
2016-10-09,4549013,5495110,4476995,newyork,regular
2016-10-10,3923078,4625257,3766023,newyork,regular
2016-10-11,4326081,5343107,3938642,newyork,regular
2016-10-12,4479813,5026717,3930613,newyork,regular
2016-10-13,4718095,4804784,3858528,newyork,regular
2016-10-14,4710667,4633255,3933482,newyork,regular
2016-10-15,4936291,5719882,4398226,newyork,regular
2016-10-16,4483014,5342981,4254583,newyork,regular
2016-10-17,4258384,4570518,3948936,newyork,regular
2016-10-18,4407249,4881974,3948212,newyork,regular
2016-10-19,4334261,4566101,4018637,newyork,regular
2016-10-20,4334781,4408165,4021179,newyork,regular
2016-10-21,4637807,4714019,4476354,newyork,regular
2016-10-22,4939379,5732265,5028933,newyork,regular
2016-10-23,4638537,5567621,5177542,newyork,regular
2016-10-24,4416345,5270042,4805790,newyork,regular
2016-10-25,4486648,5042645,5032032,newyork,regular
2016-10-26,4497369,4878844,5040195,newyork,regular
2016-10-27,4490036,4645390,5427727,newyork,regular
2016-10-28,4721233,4252823,5889077,newyork,regular
2016-10-29,4856513,5480008,7894894,newyork,regular
2016-10-30,4556827,5883740,6120305,newyork,regular
2016-10-31,4479244,4476854,4481039,newyork,regular
2016-11-01,4640019,4872823,3474058,newyork,regular
2016-11-02,4647322,4719195,3237963,newyork,regular
2016-11-03,4962622,4726611,3084034,newyork,regular
2016-11-04,4792703,5175094,3301285,newyork,regular
2016-11-05,5081090,5721726,3603746,newyork,regular
2016-11-06,4631145,5409387,3374667,newyork,regular
2016-11-07,4404569,4715895,3780545,newyork,regular
2016-11-08,3920501,4788534,5019443,newyork,regular
2016-11-09,3052374,3676489,4066279,newyork,regular
2016-11-10,4083889,4710595,3384194,newyork,regular
2016-11-11,4389749,5483101,3372165,newyork,regular
2016-11-12,4864223,5575424,3458208,newyork,regular
2016-11-13,4472475,5566023,3461098,newyork,regular
2016-11-14,4325779,5187434,3085138,newyork,regular
2016-11-15,4412950,5194853,3325815,newyork,regular
2016-11-16,4654704,5044902,3330424,newyork,regular
2016-11-17,4485313,4725846,3011444,newyork,regular
2016-11-18,4884709,5116549,3241997,newyork,regular
2016-11-19,5261549,5647189,3464731,newyork,regular
2016-11-20,5274319,5818915,3239330,newyork,regular
2016-11-21,5651955,4883561,3009269,newyork,regular
2016-11-22,4964793,4957109,2771558,newyork,regular
2016-11-23,4714601,4865722,2684062,newyork,regular
2016-11-24,4842968,5867349,2578048,newyork,regular
2016-11-25,4557433,5016972,2602211,newyork,regular
2016-11-26,4716228,5418030,2999743,newyork,regular
2016-11-27,4879361,5581911,3080773,newyork,regular
2016-11-28,4332065,4565240,2608542,newyork,regular
2016-11-29,4809019,4964972,2859617,newyork,regular
2016-11-30,4731436,4885174,2859695,newyork,regular
2016-12-01,4884211,4882823,3015674,newyork,regular
2016-12-02,5201770,5195579,3245963,newyork,regular
2016-12-03,5737262,5657379,3546418,newyork,regular
2016-12-04,5511279,5815606,3473413,newyork,regular
2016-12-05,4950962,4810958,3083298,newyork,regular
2016-12-06,4895337,5049067,3170475,newyork,regular
2016-12-07,4892953,4970087,3097969,newyork,regular
2016-12-08,4885269,4816534,3330035,newyork,regular
2016-12-09,5190102,4955513,3315639,newyork,regular
2016-12-10,5180785,5261043,3622386,newyork,regular
2016-12-11,5580709,5971485,3314101,newyork,regular
2016-09-13,2544367,4894912,1294480,spain,regular
2016-09-14,2695067,5115703,1293370,spain,regular
2016-09-15,2932691,5277562,1223666,spain,regular
2016-09-16,3007862,5429109,1530407,spain,regular
2016-09-17,3407744,6452118,1537016,spain,regular
2016-09-18,3074225,5890870,1678420,spain,regular
2016-09-19,2694981,4878421,1286461,spain,regular
2016-09-20,2463309,4722485,1369067,spain,regular
2016-09-21,2622207,5196467,1211730,spain,regular
2016-09-22,2615523,5125817,1377989,spain,regular
2016-09-23,2626937,5663749,1370470,spain,regular
2016-09-24,3005257,6357002,1755358,spain,regular
2016-09-25,2851368,6139605,1679344,spain,regular
2016-09-26,2545833,5347292,1293187,spain,regular
2016-09-27,2538500,4645454,1290399,spain,regular
2016-09-28,2855761,4573143,1447493,spain,regular
2016-09-29,2774849,4881560,1441646,spain,regular
2016-09-30,2769419,4876972,1756785,spain,regular
2016-10-01,3006092,5501750,1836927,spain,regular
2016-10-02,2770547,5735591,1994906,spain,regular
2016-10-03,2547658,4336939,1918939,spain,regular
2016-10-04,2710830,4660611,1534818,spain,regular
2016-10-05,2472847,4572646,1293685,spain,regular
2016-10-06,2925362,4815022,1448018,spain,regular
2016-10-07,2855737,5039131,1599259,spain,regular
2016-10-08,2929417,6597495,1758945,spain,regular
2016-10-09,2849669,6371878,1606691,spain,regular
2016-10-10,2776182,4649321,1448167,spain,regular
2016-10-11,2924993,4644595,1522722,spain,regular
2016-10-12,3012661,5745357,1838949,spain,regular
2016-10-13,2938687,4664720,1454608,spain,regular
2016-10-14,3077387,5185767,1597626,spain,regular
2016-10-15,3703331,7297226,1916242,spain,regular
2016-10-16,2925798,6283813,1838663,spain,regular
2016-10-17,2703168,4576582,1535016,spain,regular
2016-10-18,2769969,4571782,1296100,spain,regular
2016-10-19,2546853,4808357,1528653,spain,regular
2016-10-20,2705501,4496293,1689323,spain,regular
2016-10-21,2698271,5428659,1678114,spain,regular
2016-10-22,2999843,6134649,1918437,spain,regular
2016-10-23,2857129,5659749,1444534,spain,regular
2016-10-24,2390745,4493466,1453102,spain,regular
2016-10-25,2461048,4812517,1757408,spain,regular
2016-10-26,2551833,5275228,1845635,spain,regular
2016-10-27,2622564,5354030,1764783,spain,regular
2016-10-28,2777697,5431847,1837813,spain,regular
2016-10-29,2848913,6204648,1984094,spain,regular
2016-10-30,2777419,6055932,2077041,spain,regular
2016-10-31,2695836,5503750,2151183,spain,regular
2016-11-01,2768547,6826487,1680650,spain,regular
2016-11-02,2465594,5581963,1290427,spain,regular
2016-11-03,2860958,5122995,1216562,spain,regular
2016-11-04,2540911,5499414,1439813,spain,regular
2016-11-05,3157554,6218174,1602146,spain,regular
2016-11-06,2863737,5905835,1529195,spain,regular
2016-11-07,2467033,5042215,1296561,spain,regular
2016-11-08,2539413,5124854,1452563,spain,regular
2016-11-09,2305798,5271833,1446167,spain,regular
2016-11-10,2772865,5351171,1292530,spain,regular
2016-11-11,2930597,6521997,1678821,spain,regular
2016-11-12,2932687,6766448,1760864,spain,regular
2016-11-13,3163451,6052471,1527562,spain,regular
2016-11-14,2614435,5115434,1295730,spain,regular
2016-11-15,2699606,5120853,1378279,spain,regular
2016-11-16,2625104,4966902,1222760,spain,regular
2016-11-17,2769969,5040166,1374164,spain,regular
2016-11-18,3241429,5424869,1520653,spain,regular
2016-11-19,2851629,6047573,1835451,spain,regular
2016-11-20,3328783,6371427,1527986,spain,regular
2016-11-21,3240035,5047753,1456053,spain,regular
2016-11-22,3019257,5197365,1294406,spain,regular
2016-11-23,2781065,4727658,1218910,spain,regular
2016-11-24,2617176,5515093,1210960,spain,regular
2016-11-25,2782025,5193164,1451315,spain,regular
2016-11-26,2770692,5892478,1522591,spain,regular
2016-11-27,2619569,6210487,1757749,spain,regular
2016-11-28,2614721,4877560,1437646,spain,regular
2016-11-29,2775419,4726844,1294401,spain,regular
2016-11-30,2621772,5195494,1296479,spain,regular
2016-12-01,3627251,5421335,1290330,spain,regular
2016-12-02,4104938,5269707,1680747,spain,regular
2016-12-03,3161214,5813571,1594882,spain,regular
2016-12-04,2937231,6286054,1758069,spain,regular
2016-12-05,2767234,7857518,1602146,spain,regular
2016-12-06,3798505,6059963,1527195,spain,regular
2016-12-07,3087545,5584663,1760945,spain,regular
2016-12-08,3474181,6293814,1606691,spain,regular
2016-12-09,3704950,5421961,1674359,spain,regular
2016-12-10,3001057,5891619,1911042,spain,regular
2016-12-11,3086725,5975549,1444629,spain,regular
2016-09-13,6403439,5865616,3358080,washington,regular
2016-09-14,7112587,5708087,3525098,washington,regular
2016-09-15,6319379,5229434,2892946,washington,regular
2016-09-16,6870934,5623173,3363815,washington,regular
2016-09-17,7266816,6720246,3600616,washington,regular
2016-09-18,6633041,6092934,3051444,washington,regular
2016-09-19,6163733,5849125,3193933,washington,regular
2016-09-20,6400445,5615125,2808155,washington,regular
2016-09-21,6561343,5934979,3277330,washington,regular
2016-09-22,6388531,5854329,2887141,washington,regular
2016-09-23,6399945,5455493,3191878,washington,regular
2016-09-24,6548073,6543066,3112382,washington,regular
2016-09-25,6626376,6479797,3580816,washington,regular
2016-09-26,5632265,5623420,2896403,washington,regular
2016-09-27,5380740,5379966,3117807,washington,regular
2016-09-28,5918193,5449783,2948645,washington,regular
2016-09-29,5476961,5007560,3128926,washington,regular
2016-09-30,6484363,5235164,3285937,washington,regular
2016-10-01,5928396,5769878,3588271,washington,regular
2016-10-02,6233299,5763527,3037674,washington,regular
2016-10-03,6164538,5611899,2803579,washington,regular
2016-10-04,6401774,5463187,3274162,washington,regular
2016-10-05,6233855,5133030,3337285,washington,regular
2016-10-06,5775602,5089150,3283426,washington,regular
2016-10-07,6406553,5779643,2808155,washington,regular
2016-10-08,7250873,5922855,3972673,washington,regular
2016-10-09,6388485,5304918,3506163,washington,regular
2016-10-10,6172870,4845385,3361639,washington,regular
2016-10-11,5865297,6023619,3526258,washington,regular
2016-10-12,6709605,5226845,3428165,washington,regular
2016-10-13,6237311,4762720,3113888,washington,regular
2016-10-14,5679435,5289767,3028714,washington,regular
2016-10-15,6529571,5751882,4117970,washington,regular
2016-10-16,6446614,5979493,3407879,washington,regular
2016-10-17,5781600,4844710,3754744,washington,regular
2016-10-18,6548977,5384358,3669956,washington,regular
2016-10-19,6185733,4934357,4074637,washington,regular
2016-10-20,6082189,5609125,4129243,washington,regular
2016-10-21,6639407,5622723,3745714,washington,regular
2016-10-22,6148339,5458009,4364357,washington,regular
2016-10-23,6716201,5615621,4522966,washington,regular
2016-10-24,6093689,5698362,3907022,washington,regular
2016-10-25,5703608,6025413,4141264,washington,regular
2016-10-26,5802393,5559356,4549747,washington,regular
2016-10-27,6966020,5403966,4312767,washington,regular
2016-10-28,6554705,5852103,5068373,washington,regular
2016-10-29,6858113,5608072,4900398,washington,regular
2016-10-30,6300235,5441356,5287601,washington,regular
2016-10-31,6090524,5307494,4452975,washington,regular
2016-11-01,6327363,5467271,3287866,washington,regular
2016-11-02,6486794,5309643,3516155,washington,regular
2016-11-03,6569902,5709379,3520354,washington,regular
2016-11-04,7188623,5853606,3433349,washington,regular
2016-11-05,6790434,6494302,4142130,washington,regular
2016-11-06,6574681,5635515,3678859,washington,regular
2016-11-07,6322105,5306343,3668417,washington,regular
2016-11-08,5445717,5533110,4671123,washington,regular
2016-11-09,4165270,4321001,5491431,washington,regular
2016-11-10,5771233,5773427,3978642,washington,regular
2016-11-11,5999029,5843357,4122741,washington,regular
2016-11-12,6929887,6548192,3650336,washington,regular
2016-11-13,5991691,6538791,3653226,washington,regular
2016-11-14,5374611,6002074,3119138,washington,regular
2016-11-15,6416550,5949429,3612007,washington,regular
2016-11-16,6406112,5859542,3286360,washington,regular
2016-11-17,7111425,5010038,3061444,washington,regular
2016-11-18,7358693,5638933,4076637,washington,regular
2016-11-19,7113021,6171573,3911051,washington,regular
2016-11-20,6727471,6023043,3521522,washington,regular
2016-11-21,7975811,5099689,2913141,washington,regular
2016-11-22,6576073,5553557,3133814,washington,regular
2016-11-23,6556073,5380106,2964254,washington,regular
2016-11-24,6446248,6065477,2776176,washington,regular
2016-11-25,6707161,5058972,2566147,washington,regular
2016-11-26,7270276,6410798,3602191,washington,regular
2016-11-27,6728833,6650743,3134773,washington,regular
2016-11-28,6501793,5798200,2826670,washington,regular
2016-11-29,7287003,5569420,2917617,washington,regular
2016-11-30,6719036,4999238,2895695,washington,regular
2016-12-01,6977875,5181015,3313866,washington,regular
2016-12-02,7976010,6018219,2897643,washington,regular
2016-12-03,7756862,6271827,3067970,washington,regular
2016-12-04,7300687,6590182,3857669,washington,regular
2016-12-05,6021794,5413406,2670914,washington,regular
2016-12-06,6973001,4940939,3374603,washington,regular
2016-12-07,6792489,5620599,3670417,washington,regular
2016-12-08,7179125,5236854,3125843,washington,regular
2016-12-09,6931510,5057577,2793191,washington,regular
2016-12-10,7258449,5777427,4138770,washington,regular
2016-12-11,7189989,7112381,3752421,washington,regular
